volatile acidity,total sulfur dioxide,density,sulphates,alcohol
0.255519843658032,-0.4078693171768113,0.1544964527836136,-1.0855800862049692,-1.4037148140890623
-1.082476305191571,0.84148480891053,0.1227680692776368,-1.2625663859856344,-1.4037148140890623
-1.0110838212671365,-0.8129357997996132,1.001289316212161,-0.8329516058399294,0.3295416323204795
0.7975304578629887,-1.4881915747830374,1.7433453027725825,0.4347146208232458,-0.8259626652858817
0.50967204516074,-0.4078693171768113,-0.9918036575525064,0.1181095997026837,0.90729378112366
0.0959441324639412,1.4532094230617714,-0.3740614803202118,-0.7519106989536329,-1.4037148140890623
0.4096821638005882,1.297388408739908,0.3872294429781081,-0.8329516058399294,-0.8259626652858817
-0.8721444075752534,0.0221187929164237,1.9555521833060008,-0.2951136210938278,1.4850459299268408
-0.3004940848901874,1.356065031890332,-0.4902733101506312,-0.1529513019786934,-0.2482105164827011
-0.4823283948439098,-0.6848443344480076,1.7433453027725825,1.21499174567799,0.3295416323204795
-0.8721444075752534,0.3800894072139278,-0.2155495952711974,0.1833072536288011,-1.4037148140890623
-0.8044838219502284,0.1291096241702878,2.2740217017157818,0.2475389807861832,-0.2482105164827011
0.750740868738186,-0.2645557014738005,-0.2208340909493095,-0.0835808255133876,0.3295416323204795
-0.6725257283881592,-0.3584595038874357,0.0170205388364423,0.0519165233675251,0.90729378112366
0.5588766283164393,-1.4881915747830374,-0.9126463275002012,-0.1529513019786934,-0.2482105164827011
0.5588766283164393,0.291131290228396,-1.7879930768282135,-0.999724562184764,1.4850459299268408
-0.0695585039898909,-0.5122159501066339,-0.1257050829923015,-1.3538447528435724,-0.2482105164827011
-1.0110838212671365,1.4123939509641306,-0.1627017319151491,-0.442095909892204,-0.8259626652858817
-0.2415847850131283,0.0221187929164237,-0.6223011775680076,0.0519165233675251,-0.8259626652858817
-1.5421166316650918,1.426130988643579,0.1016168711950943,0.6723391437979793,0.3295416323204795
0.0414627228692401,-1.2867005506817744,-0.5853367017323423,-0.0835808255133876,-1.4037148140890623
-1.976492840717729,-0.0540097574603474,-0.3000951850545836,-1.1731701820760907,-1.4037148140890623
-0.8044838219502284,-1.2867005506817744,-0.5853367017323423,-0.0153028430146874,0.90729378112366
-0.3004940848901874,-0.0936753436682334,2.0616874588491862,-0.5942365125453887,-1.4037148140890623
-3.214419347698339,-0.8129357997996132,-0.6275816057506787,0.7297646493322294,1.4850459299268408
1.3478090672498382,-0.5122159501066339,1.4251940946994548,1.1117591952550163,-1.4037148140890623
1.2424649926711702,1.2671069149047998,1.1708105338341002,-0.442095909892204,-1.4037148140890623
0.7975304578629887,-0.8816340680589727,-0.6909426253804738,0.1833072536288011,0.90729378112366
-0.5447501484503537,0.7561232077852561,0.281429025551075,0.2475389807861832,0.3295416323204795
-0.8044838219502284,-0.3584595038874357,-1.0498448203907544,0.7297646493322294,0.90729378112366
0.4599453512070529,1.5187112422894624,1.2873878423113627,2.6003022184816147,0.3295416323204795
-0.0695585039898909,-0.7474339805719228,-0.2155495952711974,-0.0835808255133876,-1.4037148140890623
0.6557739769318269,1.6294435333012691,-0.701502056126611,0.3732162523464175,0.90729378112366
0.4096821638005882,1.4397352992461727,-0.4585817102308895,-0.9155362415242816,-0.2482105164827011
0.3588674521799164,0.5427356176130588,0.0487425773003285,-0.3679819293612303,0.3295416323204795
0.2029532590265267,-0.0936753436682334,-0.4268882087581391,-0.3679819293612303,-0.8259626652858817
0.50967204516074,0.777953648078347,0.2073813225946485,-0.442095909892204,-1.4037148140890623
-0.9409928271622274,-0.6249188995139487,-1.3294082244117025,0.3732162523464175,0.90729378112366
1.091216595768499,-0.4078693171768113,0.4983426571697643,-0.2951136210938278,-1.4037148140890623
-0.7379601073735192,-0.3584595038874357,-0.2683921741051135,0.6141428031148349,-0.2482105164827011
-0.7379601073735192,-0.6249188995139487,-1.281945636997769,1.3158233201107448,0.90729378112366
-1.1552338208708606,-0.5674400945503948,-0.8545900719977093,0.7297646493322294,1.4850459299268408
-1.6247336740081475,-0.1765248385183215,-0.5853367017323423,0.1181095997026837,1.4850459299268408
-1.8850752982615144,0.5930279349700256,0.8424124342418837,-0.7519106989536329,-1.4037148140890623
0.255519843658032,1.3845111548024132,-0.4480174210293307,-0.9155362415242816,-0.2482105164827011
-0.4823283948439098,0.8206246467266384,0.3660676666521181,2.989879929959208,-1.4037148140890623
0.255519843658032,-0.2198524168911469,-1.419048124549063,-0.2951136210938278,0.90729378112366
0.4096821638005882,0.3800894072139278,1.10723372009547,0.0519165233675251,0.90729378112366
-1.0110838212671365,-0.0154310375308576,0.3131669290000085,1.2657006545420002,1.4850459299268408
-1.4613781103809098,-1.4881915747830374,0.4718850135003087,0.6141428031148349,0.3295416323204795
0.1497676746375819,0.3510567251624549,0.7365209893197011,0.6141428031148349,-1.4037148140890623
0.7034925946004649,0.0943415566174309,0.6994639866841911,-0.6723568654084577,-0.8259626652858817
0.6557739769318269,-0.1765248385183215,-0.31066243267136,-0.442095909892204,0.90729378112366
-0.0695585039898909,1.3703599282116834,-1.587740719986904,-0.0835808255133876,1.4850459299268408
-1.709345033463832,-1.857609692735376,0.0487425773003285,0.4953528440173136,0.3295416323204795
0.255519843658032,-2.005961006813154,-1.0076336987809262,-0.7519106989536329,0.90729378112366
-0.3004940848901874,-0.1344908157658735,-1.0076336987809262,-0.2951136210938278,0.3295416323204795
-0.7379601073735192,1.698705128310991,0.5777235259342319,2.781732969992888,-0.8259626652858817
1.729718608386213,0.6652506986710321,0.6094792075864892,2.637200843612665,0.3295416323204795
-0.9409928271622274,1.05260581325207,-0.1627017319151491,0.4953528440173136,0.90729378112366
-1.382412760154787,-0.6249188995139487,-0.9126463275002012,-0.0153028430146874,1.4850459299268408
-0.6725257283881592,-1.1104664404422773,0.8953660990908161,0.1833072536288011,-1.4037148140890623
-0.8721444075752534,-2.1718036662439544,0.7735805860362498,-0.442095909892204,0.90729378112366
0.8668791893687646,1.1390154495531934,-0.1627017319151491,-0.2234498029810078,-1.4037148140890623
-1.4613781103809098,2.046292805970237,0.2655607879151364,-0.7519106989536329,0.3295416323204795
1.002697792188194,0.1961715933567669,-1.5824698934434038,-0.5174988936387179,1.4850459299268408
-1.082476305191571,0.4905802034659032,2.4864408952686547,1.0060085310493156,-0.8259626652858817
2.049749719379628,0.8206246467266384,-0.5589319204701999,-0.2951136210938278,-1.4037148140890623
1.002697792188194,0.7114199232026032,-1.455954242627617,-0.2234498029810078,0.90729378112366
1.1348951721954592,0.3510567251624549,0.3607773548304311,-1.3538447528435724,-0.8259626652858817
-0.9409928271622274,0.5427356176130588,-0.9284787434128716,1.05920628170586,0.90729378112366
0.8438725626043861,-0.5122159501066339,0.5936011285927681,-0.8329516058399294,-0.8259626652858817
-1.3051244209584698,-0.5674400945503948,-0.0569901495228193,0.7297646493322294,-0.2482105164827011
0.2029532590265267,-0.0936753436682334,-1.882822899873712,1.05920628170586,1.4850459299268408
-0.6081362671554226,0.5427356176130588,1.7963890654132295,1.3653731426736306,0.90729378112366
0.7034925946004649,0.777953648078347,3.1242085199824814,-0.0153028430146874,0.3295416323204795
-1.2294250530151118,-2.1718036662439544,-0.7226202840635456,0.5551546512189091,0.90729378112366
2.140436219188819,-0.0154310375308576,0.0751790633190399,-0.6723568654084577,-1.4037148140890623
0.5588766283164393,-0.0154310375308576,0.2602714811572216,-0.442095909892204,0.3295416323204795
0.1497676746375819,-0.0540097574603474,0.3131669290000085,-0.0153028430146874,-0.2482105164827011
-0.6725257283881592,1.05260581325207,0.1016168711950943,0.0519165233675251,-0.8259626652858817
0.8897779501268768,1.2204274402521351,-0.4268882087581391,-0.7519106989536329,-1.4037148140890623
0.3588674521799164,0.2285416441044802,-0.933756109835182,-1.7394821184318952,-1.4037148140890623
-1.3051244209584698,-0.0936753436682334,-1.6615267574959351,-0.3679819293612303,1.4850459299268408
-0.6081362671554226,0.3214127840635042,2.4864408952686547,1.0060085310493156,0.3295416323204795
-1.1552338208708606,-0.7474339805719228,1.6372736892941624,0.6141428031148349,0.90729378112366
0.255519843658032,0.3214127840635042,-0.1627017319151491,1.6049679280242553,-0.8259626652858817
-0.0136974825027408,-0.4590762400831492,-2.009236114504624,-0.3679819293612303,1.4850459299268408
-0.0695585039898909,0.1630398248767905,0.2073813225946485,-0.1529513019786934,-0.8259626652858817
1.5321773699622627,0.777953648078347,0.9059574675194174,0.4953528440173136,-1.4037148140890623
-0.3602337737049181,0.7994507861580815,0.2920081151154383,-0.442095909892204,-0.2482105164827011
-1.709345033463832,-0.6249188995139487,0.4718850135003087,2.0896465314496138,0.90729378112366
3.927959170691605,-2.005961006813154,-1.0287396816971015,-2.053032851096776,0.90729378112366
-0.9409928271622274,0.777953648078347,0.2391147830482543,-0.1529513019786934,-0.8259626652858817
-0.3602337737049181,-2.576870148866756,0.1016168711950943,-0.0835808255133876,0.3295416323204795
1.6318670754955231,0.6175161207889672,-0.902091119681729,-1.1731701820760907,1.4850459299268408
0.750740868738186,-1.7234096052483263,-1.5455726317703744,-0.0835808255133876,1.4850459299268408
-0.4823283948439098,0.4364183262877276,-0.1944110841010419,-0.0153028430146874,0.3295416323204795
0.3332483904493584,-0.6249188995139487,1.7433453027725825,0.3108329849414158,-1.4037148140890623
0.255519843658032,-0.2198524168911469,-1.419048124549063,-0.2951136210938278,0.90729378112366
-0.0136974825027408,0.5168993845932544,0.6835832081875398,0.6141428031148349,-1.4037148140890623
-1.2294250530151118,-0.6249188995139487,0.1280560009945221,1.05920628170586,0.3295416323204795
1.0471537200140102,-1.7234096052483263,-0.2683921741051135,-2.162799784495229,0.90729378112366
1.2637080817382027,0.3510567251624549,0.4718850135003087,-0.999724562184764,-0.8259626652858817
-0.0695585039898909,0.2601842160482304,1.0224765019121864,-0.2951136210938278,-0.8259626652858817
-1.1552338208708606,-1.4881915747830374,-0.0675622591916762,-0.1529513019786934,1.4850459299268408
-0.8721444075752534,0.777953648078347,1.3986901096166553,0.8423829884786666,-0.2482105164827011
0.5588766283164393,-1.6008945241903525,-1.3241348145303469,-1.2625663859856344,-0.2482105164827011
0.3074854965264431,-0.0540097574603474,-0.8018061158846701,0.4347146208232458,0.90729378112366
1.3686209856734135,-0.2645557014738005,0.6306507205688108,-1.2625663859856344,-0.2482105164827011
0.6075728731209361,0.0221187929164237,0.0223074130728431,-0.442095909892204,-1.4037148140890623
0.6796928259548332,0.5930279349700256,0.1016168711950943,-1.4470862450615318,0.3295416323204795
0.3588674521799164,0.8823002810081708,-1.6826065852128422,0.0519165233675251,1.4850459299268408
-0.3004940848901874,-1.1104664404422773,1.10723372009547,0.5551546512189091,0.90729378112366
0.8438725626043861,-0.4078693171768113,1.10723372009547,-0.2951136210938278,0.3295416323204795
-0.9409928271622274,-2.1718036662439544,-2.0618993336546936,-0.6723568654084577,1.4850459299268408
0.50967204516074,0.6652506986710321,-0.933756109835182,-2.053032851096776,-1.4037148140890623
0.7975304578629887,1.2671069149047998,-0.553650805787321,0.2475389807861832,0.90729378112366
-1.0110838212671365,-1.7234096052483263,-0.4532995920408033,-0.9155362415242816,1.4850459299268408
1.6120789937765223,0.5930279349700256,-0.3846272486258714,0.6141428031148349,1.4850459299268408
-0.0695585039898909,1.8881293602418,0.0487425773003285,-0.6723568654084577,-0.8259626652858817
-1.3051244209584698,-1.1958280415675506,-0.3000951850545836,0.8976138281682634,1.4850459299268408
-0.3602337737049181,-0.3584595038874357,-0.2683921741051135,-1.1731701820760907,0.3295416323204795
1.1131033866122422,-1.6008945241903525,-0.7912486912397884,-0.3679819293612303,0.90729378112366
1.5321773699622627,0.777953648078347,0.9059574675194174,0.4953528440173136,-1.4037148140890623
-1.796078435580862,0.4085355301260088,-1.1131551714749637,-0.2951136210938278,1.4850459299268408
0.255519843658032,1.2671069149047998,1.531223288017139,0.0519165233675251,-0.2482105164827011
1.091216595768499,0.1291096241702878,0.3660676666521181,0.4347146208232458,-0.2482105164827011
-0.5447501484503537,1.236159840724634,0.5988937686638021,-0.5174988936387179,-1.4037148140890623
-0.0695585039898909,1.1050852488466911,3.0284945802224112,0.6723391437979793,-1.4037148140890623
-1.4613781103809098,-1.1104664404422773,-0.5589319204701999,-0.0835808255133876,1.4850459299268408
0.0414627228692401,-0.8816340680589727,0.3131669290000085,1.0060085310493156,-0.8259626652858817
1.4917666962597105,0.1961715933567669,0.8000533148613848,-0.2951136210938278,0.3295416323204795
-0.8044838219502284,0.1630398248767905,1.9555521833060008,-0.2234498029810078,0.3295416323204795
0.3074854965264431,1.6294435333012691,0.0223074130728431,-0.5174988936387179,-1.4037148140890623
0.8207567629491878,1.1050852488466911,-0.4797096547873371,-0.7519106989536329,-0.2482105164827011
0.3074854965264431,-0.4590762400831492,0.2602714811572216,0.3732162523464175,-0.8259626652858817
-0.5447501484503537,1.2045172687808845,-2.709226354131808,0.5551546512189091,1.4850459299268408
-0.1834770248855401,1.466555828142306,-2.114557286746248,-0.1529513019786934,1.4850459299268408
-0.4823283948439098,1.7320988324616595,0.3131669290000085,0.4347146208232458,0.3295416323204795
0.6075728731209361,1.2517183989605083,-0.2895277260907378,-0.442095909892204,-0.2482105164827011
0.6075728731209361,-0.0154310375308576,0.6306507205688108,0.7297646493322294,-0.8259626652858817
0.9352569769170732,-0.0936753436682334,-0.2261185337827254,0.3108329849414158,0.90729378112366
0.3588674521799164,-1.7234096052483263,-0.5747749476560294,-0.442095909892204,0.90729378112366
1.3059310199424548,-0.8129357997996132,0.1121923644803796,0.1833072536288011,-0.2482105164827011
-0.1834770248855401,1.466555828142306,0.7894640644946639,-0.8329516058399294,-1.4037148140890623
0.255519843658032,-0.4590762400831492,1.6903068442430582,1.3158233201107448,0.90729378112366
0.255519843658032,0.6175161207889672,1.2661900603695184,-0.5942365125453887,-0.2482105164827011
-0.0695585039898909,-0.7474339805719228,-0.4268882087581391,-0.5942365125453887,0.3295416323204795
0.50967204516074,-0.3584595038874357,0.3660676666521181,3.847565761452562,-1.4037148140890623
0.4599453512070529,-0.0154310375308576,-0.8281987537406303,-0.2234498029810078,0.90729378112366
1.6120789937765223,-0.4078693171768113,0.2179589311902049,-0.1529513019786934,-0.2482105164827011
-0.4823283948439098,1.2204274402521351,0.8953660990908161,0.2475389807861832,-0.2482105164827011
0.1497676746375819,-1.1958280415675506,-1.0129102736576483,-0.3679819293612303,0.90729378112366
0.9803196100658468,-0.2645557014738005,-0.1891263241914766,-0.442095909892204,-0.2482105164827011
0.7975304578629887,-0.4590762400831492,0.5142178783664979,-0.7519106989536329,-1.4037148140890623
0.9352569769170732,-1.2867005506817744,1.2661900603695184,-0.2951136210938278,-1.4037148140890623
0.727174784923538,-1.6008945241903525,-0.4427351971957785,-2.162799784495229,-0.8259626652858817
0.0414627228692401,0.8823002810081708,-1.334681581559279,1.05920628170586,1.4850459299268408
-0.0695585039898909,-1.383844941853215,1.054258869543658,-0.9155362415242816,0.3295416323204795
-0.6725257283881592,1.8782483709637343,0.5777235259342319,-0.6723568654084577,-1.4037148140890623
0.4599453512070529,-1.2867005506817744,1.10723372009547,-1.1731701820760907,-1.4037148140890623
-1.0110838212671365,-1.1958280415675506,0.2602714811572216,0.0519165233675251,0.90729378112366
-0.8044838219502284,0.6652506986710321,-3.093035975891659,0.6723391437979793,1.4850459299268408
-0.4823283948439098,1.7320988324616595,0.3131669290000085,0.4347146208232458,0.3295416323204795
-0.5447501484503537,-0.1344908157658735,0.3449067367803362,0.7864394731429292,1.4850459299268408
1.6515816516664683,-0.2645557014738005,-0.0781341574204839,-1.0855800862049692,-0.2482105164827011
-0.8044838219502284,-1.857609692735376,-0.0358452958480606,0.0519165233675251,1.4850459299268408
-0.8721444075752534,1.1050852488466911,0.1968039255492784,0.2475389807861832,-0.8259626652858817
-0.3004940848901874,-0.1344908157658735,-1.0076336987809262,-0.2951136210938278,0.3295416323204795
-0.8044838219502284,-0.5674400945503948,-0.8281987537406303,0.0519165233675251,0.90729378112366
0.534338725933162,0.1630398248767905,2.91153427039449,0.5551546512189091,-0.2482105164827011
1.1997108647319408,-1.6008945241903525,-0.3740614803202118,-0.0835808255133876,-0.2482105164827011
-0.3004940848901874,-0.0154310375308576,-0.2472557766803455,-1.1731701820760907,0.3295416323204795
-0.4823283948439098,0.7339489669303917,-0.2948114819913693,-0.442095909892204,0.3295416323204795
0.3588674521799164,1.6873955478790068,-0.5853367017323423,-1.2625663859856344,0.3295416323204795
-1.382412760154787,-0.4078693171768113,1.4251940946994548,0.7864394731429292,0.3295416323204795
0.534338725933162,-1.029985382136751,0.2602714811572216,0.0519165233675251,-1.4037148140890623
0.5832874550927392,1.6294435333012691,0.2602714811572216,2.410946260428507,-1.4037148140890623
-0.0695585039898909,1.7210553625657157,0.4718850135003087,-0.1529513019786934,-1.4037148140890623
-0.6725257283881592,-0.4590762400831492,-0.902091119681729,1.4628056089091208,1.4850459299268408
0.4848748462179007,-0.2645557014738005,-0.902091119681729,-0.8329516058399294,1.4850459299268408
0.7975304578629887,1.8682975507935096,0.0487425773003285,-0.1529513019786934,-1.4037148140890623
-0.7379601073735192,-0.4590762400831492,-0.3951928056182565,-1.1731701820760907,-1.4037148140890623
0.750740868738186,0.6415856845760621,1.1602138683971397,0.4347146208232458,0.90729378112366
-0.1834770248855401,-1.1958280415675506,0.0593170130891848,-0.8329516058399294,0.3295416323204795
0.3074854965264431,0.1291096241702878,-0.8070847490269373,-0.9155362415242816,0.3295416323204795
-0.12614353402367,-0.5674400945503948,-1.4928577773683158,-0.0835808255133876,1.4850459299268408
-0.6081362671554226,-0.0540097574603474,-0.954865047795823,0.6723391437979793,0.90729378112366
-1.5421166316650918,-1.6008945241903525,-1.6720667767535338,-0.6723568654084577,1.4850459299268408
0.6075728731209361,0.777953648078347,1.10723372009547,-0.442095909892204,-0.8259626652858817
-1.082476305191571,0.7339489669303917,-2.6934473614487136,0.8976138281682634,1.4850459299268408
1.512010981520418,-1.7234096052483263,-0.331796293880602,-0.9155362415242816,-0.2482105164827011
-0.4823283948439098,-0.95385683175998,-0.3740614803202118,1.3158233201107448,0.90729378112366
0.3588674521799164,-1.029985382136751,-0.5430884179866066,-0.5942365125453887,0.3295416323204795
0.8438725626043861,0.2285416441044802,1.1496174148912957,-0.6723568654084577,-0.8259626652858817
1.1131033866122422,-1.1958280415675506,-0.8598681773030582,-0.0835808255133876,0.90729378112366
0.5588766283164393,0.0221187929164237,-0.104562977969725,1.05920628170586,-0.8259626652858817
-0.4208344081373881,-0.6249188995139487,0.3925200193219723,1.876028829705632,1.4850459299268408
-1.082476305191571,-2.3598205665296184,-1.0603970731647612,-0.6723568654084577,0.90729378112366
-0.3602337737049181,0.97944467217961,1.054258869543658,-0.5174988936387179,-0.8259626652858817
0.4599453512070529,0.1291096241702878,0.1386320230677527,-0.1529513019786934,-0.2482105164827011
1.1348951721954592,0.7339489669303917,-0.1098485835085527,1.05920628170586,-0.8259626652858817
0.7975304578629887,0.4364183262877276,0.1016168711950943,2.487683879335177,-1.4037148140890623
0.4848748462179007,-0.5674400945503948,-2.1777398800000887,-0.6723568654084577,1.4850459299268408
-0.4823283948439098,1.743056360086772,0.3131669290000085,0.4953528440173136,0.3295416323204795
-0.3602337737049181,-1.6008945241903525,-1.6720667767535338,0.0519165233675251,0.90729378112366
0.6557739769318269,-0.1765248385183215,-0.701502056126611,-0.0835808255133876,0.90729378112366
-0.6725257283881592,0.2285416441044802,0.3131669290000085,1.5580965279123633,-0.8259626652858817
0.50967204516074,-0.5674400945503948,0.3978106485719703,0.5551546512189091,0.3295416323204795
3.220461282816746,-1.6008945241903525,-0.1627017319151491,-1.2625663859856344,0.90729378112366
0.3588674521799164,0.7339489669303917,-0.6698231303118896,0.2475389807861832,0.90729378112366
-0.4823283948439098,0.5681063074995929,-0.1996957911632247,-0.2951136210938278,-0.8259626652858817
-0.4208344081373881,0.7561232077852561,-1.6931461828781067,-0.5174988936387179,1.4850459299268408
0.4599453512070529,0.1291096241702878,1.4251940946994548,-0.0835808255133876,0.3295416323204795
-1.1552338208708606,-1.7234096052483263,-0.4797096547873371,-0.8329516058399294,0.3295416323204795
1.4305586683992673,-0.1344908157658735,-0.638142303704461,1.414363068253297,1.4850459299268408
-0.6725257283881592,-0.95385683175998,1.001289316212161,1.05920628170586,1.4850459299268408
-0.5447501484503537,-0.8816340680589727,0.958917487189425,-0.8329516058399294,0.90729378112366
-0.6081362671554226,-1.383844941853215,0.1650730036711322,-1.1731701820760907,1.4850459299268408
1.1131033866122422,-1.857609692735376,-1.334681581559279,-0.5174988936387179,1.4850459299268408
0.4599453512070529,-0.5674400945503948,1.5842458373956587,-0.5174988936387179,-0.2482105164827011
-0.3602337737049181,-1.029985382136751,0.5459697495656093,0.0519165233675251,-1.4037148140890623
-0.0136974825027408,0.0943415566174309,-0.5113999870684169,0.6723391437979793,0.90729378112366
-1.0110838212671365,0.3214127840635042,0.0275943401782032,1.05920628170586,0.3295416323204795
0.0414627228692401,0.0221187929164237,0.8953660990908161,0.0519165233675251,-1.4037148140890623
0.7741922884506374,-0.95385683175998,0.3660676666521181,0.5551546512189091,-1.4037148140890623
0.4599453512070529,1.466555828142306,-1.8512148554360583,-0.2951136210938278,1.4850459299268408
0.8897779501268768,0.6175161207889672,1.5842458373956587,0.4953528440173136,0.3295416323204795
-0.9409928271622274,0.1630398248767905,-1.1131551714749637,-0.5174988936387179,1.4850459299268408
-0.8044838219502284,-0.3107249260053708,0.0487425773003285,0.5551546512189091,-0.8259626652858817
0.7975304578629887,-1.1104664404422773,0.4718850135003087,-1.3538447528435724,-0.2482105164827011
-0.7379601073735192,-0.8816340680589727,-0.6909426253804738,-0.442095909892204,-1.4037148140890623
2.211939918890805,-1.7234096052483263,1.1708105338341002,-1.1731701820760907,0.90729378112366
0.8438725626043861,-0.7474339805719228,0.1016168711950943,-1.0855800862049692,-1.4037148140890623
-0.3004940848901874,0.2285416441044802,0.6835832081875398,0.6141428031148349,-0.2482105164827011
-2.4768713407627727,1.5058523840260385,-3.4975727464873816,-1.639809630300265,1.4850459299268408
-0.0695585039898909,-1.1104664404422773,0.5459697495656093,0.4347146208232458,0.3295416323204795
-2.167313641204533,-0.2198524168911469,0.2602714811572216,0.2475389807861832,1.4850459299268408
-0.0136974825027408,1.3985215708331216,-2.2724995549346487,1.3158233201107448,1.4850459299268408
0.1497676746375819,-1.4881915747830374,-1.3241348145303469,-0.442095909892204,0.90729378112366
0.6075728731209361,0.0221187929164237,0.0223074130728431,-0.442095909892204,-1.4037148140890623
-1.382412760154787,2.82415804488907,-1.8722870957807976,-0.999724562184764,1.4850459299268408
0.50967204516074,-1.857609692735376,-0.7701332084940773,-0.2951136210938278,-0.8259626652858817
-1.5421166316650918,-0.1344908157658735,-0.7965274299558516,1.4628056089091208,0.90729378112366
0.8668791893687646,0.7339489669303917,0.6306507205688108,1.0060085310493156,-0.2482105164827011
0.2029532590265267,-0.1344908157658735,-0.0834200272461366,0.2475389807861832,0.3295416323204795
2.3868357840059566,1.2204274402521351,-0.2683921741051135,-0.5174988936387179,-1.4037148140890623
-0.5447501484503537,0.1630398248767905,0.5777235259342319,-0.0153028430146874,-1.4037148140890623
-0.5447501484503537,0.4085355301260088,-2.640847300259274,0.6141428031148349,1.4850459299268408
0.6796928259548332,0.2285416441044802,-0.6539829546143802,0.4347146208232458,0.3295416323204795
1.2848631155057266,-0.5122159501066339,0.5777235259342319,-1.4470862450615318,-0.8259626652858817
0.0414627228692401,-0.0936753436682334,0.0487425773003285,-0.1529513019786934,-0.8259626652858817
-1.1552338208708606,-1.4881915747830374,-0.3740614803202118,2.332825907565438,-0.2482105164827011
-0.0695585039898909,-0.6249188995139487,1.806998454481321,0.2475389807861832,0.90729378112366
0.2029532590265267,-0.4078693171768113,-0.1627017319151491,-0.6723568654084577,-0.8259626652858817
0.6075728731209361,0.0221187929164237,0.0223074130728431,-0.442095909892204,-1.4037148140890623
0.50967204516074,1.5187112422894624,0.2602714811572216,2.0054582107891314,-1.4037148140890623
0.6075728731209361,1.025613896711181,-0.5958982445758823,-1.5423771640647748,-0.8259626652858817
-0.8044838219502284,0.3800894072139278,0.7894640644946639,0.3732162523464175,-0.2482105164827011
2.2825465539901164,-0.2198524168911469,-0.1204196360192777,-0.5174988936387179,0.90729378112366
-0.6081362671554226,0.1961715933567669,0.6835832081875398,-0.0153028430146874,-1.4037148140890623
-1.082476305191571,-1.2867005506817744,1.10723372009547,0.1181095997026837,-1.4037148140890623
0.3588674521799164,1.5690035596464291,0.3131669290000085,-0.7519106989536329,-1.4037148140890623
-0.6725257283881592,-0.8816340680589727,-0.0992773195746761,-0.5174988936387179,1.4850459299268408
0.750740868738186,-1.4881915747830374,-0.537807144867818,-0.442095909892204,-0.8259626652858817
0.0959441324639412,-0.95385683175998,-0.902091119681729,-1.4470862450615318,-0.2482105164827011
0.9125701267835208,-0.8816340680589727,-0.6592630659808637,-0.7519106989536329,-0.2482105164827011
-1.709345033463832,-0.4590762400831492,0.3660676666521181,0.9521499218771196,-1.4037148140890623
-0.4823283948439098,0.8206246467266384,-0.1204196360192777,-0.3679819293612303,0.90729378112366
0.8438725626043861,-0.6848443344480076,-0.6592630659808637,-0.2951136210938278,0.3295416323204795
-0.9409928271622274,0.1291096241702878,0.6835832081875398,0.1181095997026837,1.4850459299268408
-0.6725257283881592,0.3214127840635042,-0.6170206965807611,-1.2625663859856344,-1.4037148140890623
0.0414627228692401,-0.0936753436682334,-0.5061183970636843,-0.5174988936387179,-0.2482105164827011
0.750740868738186,1.17214721803317,0.3819389195396845,-0.5174988936387179,-0.8259626652858817
0.4599453512070529,0.6415856845760621,-0.1627017319151491,-1.4470862450615318,-1.4037148140890623
1.6515816516664683,0.6885245375464438,1.8759646557427887,0.4953528440173136,-0.2482105164827011
1.0249754471645949,-0.2198524168911469,-0.0146995963621529,-0.7519106989536329,-0.8259626652858817
2.5898992764912765,-0.95385683175998,-1.4295929933308342,-1.2625663859856344,-0.2482105164827011
0.6317345143728733,-0.1765248385183215,0.3449067367803362,0.3108329849414158,0.3295416323204795
0.750740868738186,0.6885245375464438,-0.5219630086314005,-0.2951136210938278,-1.4037148140890623
0.8438725626043861,0.5168993845932544,-0.4480174210293307,0.1181095997026837,0.90729378112366
-0.2415847850131283,1.466555828142306,0.7894640644946639,-0.3679819293612303,-1.4037148140890623
0.2029532590265267,0.5681063074995929,-0.2683921741051135,-0.2951136210938278,0.90729378112366
-0.3004940848901874,-0.0154310375308576,0.323746653328794,0.0519165233675251,-0.2482105164827011
-0.9409928271622274,0.9022727462873308,0.4718850135003087,1.1636827174575592,1.4850459299268408
1.1348951721954592,0.7561232077852561,-0.4374529205398003,-0.3679819293612303,-0.8259626652858817
1.2848631155057266,-0.95385683175998,-0.5853367017323423,-1.3538447528435724,-0.2482105164827011
0.3332483904493584,0.777953648078347,-0.0041264294294463,-0.999724562184764,-1.4037148140890623
-0.4208344081373881,0.0221187929164237,-0.1944110841010419,2.332825907565438,-1.4037148140890623
-0.4208344081373881,-0.6249188995139487,0.1544964527836136,0.1181095997026837,1.4850459299268408
-0.4208344081373881,-0.95385683175998,0.4613023264339201,-0.5174988936387179,0.3295416323204795
0.1497676746375819,-0.2645557014738005,0.4718850135003087,-0.2951136210938278,-1.4037148140890623
1.2848631155057266,-1.2867005506817744,0.1544964527836136,-0.5942365125453887,0.90729378112366
-2.070506624769461,0.6652506986710321,0.0487425773003285,-0.8329516058399294,-1.4037148140890623
1.002697792188194,0.1961715933567669,-1.5824698934434038,-0.5174988936387179,1.4850459299268408
0.3588674521799164,1.5058523840260385,-0.5589319204701999,-1.1731701820760907,-0.2482105164827011
0.750740868738186,-0.6848443344480076,0.2073813225946485,0.6141428031148349,-1.4037148140890623
0.0959441324639412,-0.2645557014738005,-0.1627017319151491,-0.5942365125453887,-0.2482105164827011
-1.267081326842992,-2.576870148866756,-0.8387554393916431,0.1833072536288011,1.4850459299268408
-0.6725257283881592,-0.4590762400831492,1.10723372009547,0.2475389807861832,0.90729378112366
-0.0136974825027408,-0.7474339805719228,-1.229204418578108,1.1636827174575592,0.90729378112366
1.6712234154402132,-1.383844941853215,1.4251940946994548,-0.9155362415242816,0.90729378112366
-1.382412760154787,2.87879765938861,-1.8722870957807976,-0.999724562184764,1.4850459299268408
-1.382412760154787,-2.005961006813154,-1.0076336987809262,-0.5174988936387179,0.90729378112366
-0.1834770248855401,-1.857609692735376,-0.4480174210293307,-0.3679819293612303,1.4850459299268408
-1.1552338208708606,-1.6008945241903525,-1.0445686148613154,0.7297646493322294,1.4850459299268408
0.1497676746375819,-0.0540097574603474,0.3131669290000085,-0.0153028430146874,-0.2482105164827011
-2.4768713407627727,-1.2867005506817744,0.3131669290000085,-0.0153028430146874,-0.2482105164827011
-1.3051244209584698,1.7210553625657157,-0.1098485835085527,4.01119130402321,-0.8259626652858817
-0.5447501484503537,-1.029985382136751,0.2602714811572216,-0.2234498029810078,-1.4037148140890623
-0.12614353402367,-0.0154310375308576,-0.0569901495228193,-0.999724562184764,0.3295416323204795
0.0414627228692401,-0.8816340680589727,0.3131669290000085,1.0060085310493156,-0.8259626652858817
-0.7379601073735192,0.4905802034659032,-1.988169352230192,-0.1529513019786934,1.4850459299268408
0.4096821638005882,0.9022727462873308,1.8229129359410157,0.4347146208232458,-0.2482105164827011
-0.3004940848901874,0.5168993845932544,-0.5853367017323423,-0.0153028430146874,0.3295416323204795
0.6557739769318269,-0.6848443344480076,-0.321229468945313,-0.442095909892204,-0.8259626652858817
1.002697792188194,-0.4590762400831492,-1.6299054348913724,-1.0855800862049692,1.4850459299268408
-0.6081362671554226,-0.6848443344480076,0.6094792075864892,-0.5942365125453887,0.3295416323204795
0.4096821638005882,-1.383844941853215,-0.965419200146262,-0.6723568654084577,0.90729378112366
1.0471537200140102,-1.2867005506817744,-0.8598681773030582,-0.8329516058399294,-0.8259626652858817
-2.4768713407627727,0.8206246467266384,-0.3740614803202118,1.6049679280242553,0.90729378112366
1.0692337349238004,-0.2645557014738005,-0.0569901495228193,-0.5174988936387179,0.90729378112366
-0.2415847850131283,1.2204274402521351,-2.5777202832303017,1.3653731426736306,1.4850459299268408
0.255519843658032,0.6175161207889672,1.2661900603695184,-0.5942365125453887,-0.2482105164827011
0.0959441324639412,-0.95385683175998,-0.4532995920408033,1.2657006545420002,1.4850459299268408
0.3074854965264431,-0.2198524168911469,2.0616874588491862,0.8423829884786666,0.3295416323204795
0.5588766283164393,0.5168993845932544,-0.0569901495228193,-0.9155362415242816,-1.4037148140890623
1.0471537200140102,0.1291096241702878,-0.0041264294294463,-0.6723568654084577,-1.4037148140890623
0.255519843658032,0.1630398248767905,-0.2208340909493095,-0.3679819293612303,-1.4037148140890623
0.5588766283164393,0.291131290228396,-0.8809800707218507,1.414363068253297,1.4850459299268408
-0.5447501484503537,1.356065031890332,2.2740217017157818,1.697217414224036,-1.4037148140890623
0.5832874550927392,-0.6249188995139487,1.10723372009547,1.876028829705632,1.4850459299268408
-1.8850752982615144,-0.7474339805719228,0.3660676666521181,1.651338020130323,0.90729378112366
0.2029532590265267,0.1630398248767905,-0.5853367017323423,-1.2625663859856344,-1.4037148140890623
1.5321773699622627,0.3510567251624549,-0.7965274299558516,-0.5942365125453887,1.4850459299268408
-0.4823283948439098,0.7339489669303917,-0.2948114819913693,-0.442095909892204,0.3295416323204795
0.4599453512070529,0.9022727462873308,1.5842458373956587,-0.5174988936387179,-0.8259626652858817
0.534338725933162,0.6415856845760621,-1.2713978152393552,-0.9155362415242816,-0.2482105164827011
-0.7379601073735192,1.7860531419835666,0.6306507205688108,1.876028829705632,-0.2482105164827011
-0.9409928271622274,0.2285416441044802,-0.7226202840635456,1.21499174567799,0.90729378112366
-1.2294250530151118,0.777953648078347,0.1016168711950943,0.8976138281682634,0.3295416323204795
0.0414627228692401,1.8582759056845728,-0.1627017319151491,-0.7519106989536329,-0.8259626652858817
-1.2294250530151118,0.2285416441044802,0.3343265892541257,0.7864394731429292,0.90729378112366
1.1997108647319408,0.7561232077852561,-0.0992773195746761,3.1560137527754235,-1.4037148140890623
-1.709345033463832,-0.4590762400831492,0.3660676666521181,0.9521499218771196,-1.4037148140890623
-1.709345033463832,0.3214127840635042,-0.4057581513015265,0.8423829884786666,0.90729378112366
-0.0136974825027408,-0.4078693171768113,0.5142178783664979,0.5551546512189091,-0.8259626652858817
-0.2124324524639823,-0.4078693171768113,0.1756497660917662,0.0519165233675251,-0.2482105164827011
-1.5421166316650918,0.291131290228396,-0.0041264294294463,2.0896465314496138,0.3295416323204795
-0.6081362671554226,0.2601842160482304,0.0487425773003285,2.921601947460508,-1.4037148140890623
1.572279487490052,0.5168993845932544,0.281429025551075,-0.7519106989536329,-0.2482105164827011
1.1781978927382837,1.426130988643579,0.1016168711950943,3.252721753760079,0.3295416323204795
0.3074854965264431,-1.1958280415675506,-0.0887058442134019,0.3108329849414158,-0.8259626652858817
0.7034925946004649,1.236159840724634,0.3131669290000085,-0.9155362415242816,-1.4037148140890623
-0.4208344081373881,-1.7234096052483263,-1.218655541984755,1.21499174567799,1.4850459299268408
0.2029532590265267,-0.1344908157658735,-0.0834200272461366,0.2475389807861832,0.3295416323204795
-0.4823283948439098,1.17214721803317,1.054258869543658,-0.1529513019786934,-0.8259626652858817
0.3074854965264431,-0.5122159501066339,-0.5061183970636843,-0.2234498029810078,0.3295416323204795
0.3588674521799164,-1.029985382136751,-0.5430884179866066,-0.5942365125453887,0.3295416323204795
-0.12614353402367,-1.383844941853215,0.0487425773003285,1.4628056089091208,0.3295416323204795
-0.4208344081373881,1.3122883911014052,-0.0569901495228193,0.1833072536288011,-1.4037148140890623
-0.8044838219502284,0.1630398248767905,1.9555521833060008,-0.2234498029810078,0.3295416323204795
0.0414627228692401,0.5681063074995929,-0.4955550586053114,0.8976138281682634,1.4850459299268408
-0.6081362671554226,0.1291096241702878,0.3396166365668936,0.7297646493322294,-0.2482105164827011
1.2637080817382027,0.5681063074995929,0.8953660990908161,0.1833072536288011,0.3295416323204795
-0.6725257283881592,-0.6249188995139487,1.4251940946994548,-0.2951136210938278,-1.4037148140890623
-1.2294250530151118,1.1221525510723551,0.8953660990908161,1.05920628170586,-0.8259626652858817
0.727174784923538,1.964776046850269,2.2740217017157818,2.487683879335177,-1.4037148140890623
0.4096821638005882,0.9022727462873308,1.8229129359410157,0.4347146208232458,-0.2482105164827011
-0.1834770248855401,0.5168993845932544,0.3025874162636964,0.0519165233675251,-0.2482105164827011
0.5588766283164393,0.7339489669303917,-0.3740614803202118,-0.2234498029810078,-1.4037148140890623
-1.5421166316650918,-0.2198524168911469,0.0804665191434554,0.1833072536288011,0.3295416323204795
0.7975304578629887,1.327032349838858,-0.2683921741051135,-1.2625663859856344,-0.8259626652858817
-0.4208344081373881,1.6529113297765117,0.5777235259342319,-0.442095909892204,-1.4037148140890623
0.50967204516074,0.1630398248767905,0.1016168711950943,-0.3679819293612303,-0.8259626652858817
-0.1834770248855401,1.5314537291991472,-0.7754121583637983,-0.8329516058399294,-0.8259626652858817
1.3059310199424548,1.9833030930177324,0.1016168711950943,0.3108329849414158,-1.4037148140890623
1.4510413313346084,0.7561232077852561,-0.1521315250548301,-0.8329516058399294,-1.4037148140890623
0.8897779501268768,1.0878085266468562,1.8494381326953224,0.6141428031148349,1.4850459299268408
0.1497676746375819,0.0943415566174309,0.5777235259342319,-0.2234498029810078,-0.2482105164827011
-0.9409928271622274,-1.1958280415675506,-0.1627017319151491,-0.2951136210938278,-0.2482105164827011
-0.6081362671554226,0.1630398248767905,1.001289316212161,0.1181095997026837,0.3295416323204795
-0.6725257283881592,-1.6008945241903525,-0.4797096547873371,-0.5942365125453887,-1.4037148140890623
0.4096821638005882,0.84148480891053,1.319186105100006,-0.0835808255133876,-0.8259626652858817
0.3074854965264431,1.89794149189246,0.5883085414477984,-0.6723568654084577,-1.4037148140890623
0.0414627228692401,0.0221187929164237,-0.638142303704461,-0.9155362415242816,-1.4037148140890623
-0.2415847850131283,-0.1765248385183215,-2.3777680797530683,-1.2625663859856344,1.4850459299268408
0.3588674521799164,-0.2198524168911469,0.3660676666521181,-0.6723568654084577,-0.8259626652858817
1.3059310199424548,1.356065031890332,0.2232478148204512,-0.9155362415242816,-0.8259626652858817
-0.3004940848901874,0.3800894072139278,0.7365209893197011,-0.5174988936387179,-0.8259626652858817
1.6907930495148782,1.9269741739439328,0.6306507205688108,-0.8329516058399294,-1.4037148140890623
-1.3051244209584698,1.2671069149047998,0.0328813201531292,-1.2625663859856344,0.3295416323204795
0.0414627228692401,0.3800894072139278,0.4718850135003087,1.2657006545420002,0.3295416323204795
0.3588674521799164,-1.029985382136751,-0.0569901495228193,1.1636827174575592,-1.4037148140890623
-0.4823283948439098,0.6175161207889672,0.3660676666521181,-0.0153028430146874,0.3295416323204795
2.211939918890805,-0.6249188995139487,-1.234478777758735,-0.6723568654084577,0.90729378112366
0.255519843658032,0.777953648078347,-1.988169352230192,-0.2951136210938278,0.3295416323204795
2.158397840767769,-0.2198524168911469,-0.3529293097522587,-1.2625663859856344,-0.2482105164827011
1.901483874166381,1.5690035596464291,0.1544964527836136,0.5551546512189091,-1.4037148140890623
-1.1552338208708606,0.84148480891053,0.5883085414477984,-1.2625663859856344,-1.4037148140890623
0.7034925946004649,0.0943415566174309,0.6994639866841911,-0.6723568654084577,-0.8259626652858817
-1.709345033463832,-0.5674400945503948,0.1544964527836136,-0.2234498029810078,1.4850459299268408
0.3074854965264431,1.2204274402521351,-0.2155495952711974,1.4628056089091208,-0.2482105164827011
-1.0110838212671365,0.3214127840635042,-0.3793443908874175,1.0060085310493156,0.90729378112366
-0.3004940848901874,-0.1344908157658735,-1.0076336987809262,-0.2951136210938278,0.3295416323204795
1.994617265439634,0.6652506986710321,-0.638142303704461,-1.639809630300265,0.90729378112366
-0.12614353402367,0.4085355301260088,2.5395589711841247,0.3108329849414158,-1.4037148140890623
-0.6725257283881592,0.5168993845932544,1.7433453027725825,0.1181095997026837,0.3295416323204795
0.7975304578629887,-0.1344908157658735,1.9555521833060008,1.8320125908978049,-0.2482105164827011
-0.1834770248855401,-1.1958280415675506,0.0487425773003285,0.4953528440173136,0.90729378112366
-2.370226055202462,-0.3107249260053708,-1.4295929933308342,0.3108329849414158,0.90729378112366
-0.12614353402367,-0.5122159501066339,-0.6539829546143802,-0.0153028430146874,-0.2482105164827011
-0.0136974825027408,1.17214721803317,0.4930510226046976,-0.0153028430146874,-0.8259626652858817
0.7034925946004649,-1.029985382136751,-1.7036855697534867,-0.7519106989536329,1.4850459299268408
-0.1834770248855401,-0.2198524168911469,-0.0781341574204839,2.172231167133966,-1.4037148140890623
0.255519843658032,1.4532094230617714,-0.2683921741051135,-0.7519106989536329,-0.8259626652858817
-0.8721444075752534,-0.5122159501066339,0.6306507205688108,2.172231167133966,-1.4037148140890623
-0.8044838219502284,-0.95385683175998,1.001289316212161,-0.1529513019786934,0.3295416323204795
-0.2124324524639823,-0.4078693171768113,0.1756497660917662,0.0519165233675251,-0.2482105164827011
0.8668791893687646,-2.005961006813154,-0.2049804453786316,-0.6723568654084577,0.90729378112366
-3.214419347698339,-0.8129357997996132,-0.6275816057506787,0.7297646493322294,1.4850459299268408
-0.0695585039898909,-0.6848443344480076,-0.1838415114340089,-0.2234498029810078,0.3295416323204795
0.4096821638005882,0.6652506986710321,-0.9073687499789982,-1.841500055516336,-1.4037148140890623
1.091216595768499,1.6873955478790068,1.4251940946994548,-0.8329516058399294,-0.2482105164827011
0.6557739769318269,0.291131290228396,-1.6509865274358873,-1.5423771640647748,0.90729378112366
0.3588674521799164,0.291131290228396,-0.4163232856801009,-1.3538447528435724,-1.4037148140890623
0.1497676746375819,0.0221187929164237,0.1492082566634403,-0.5942365125453887,0.90729378112366
-0.7379601073735192,0.9022727462873308,0.7894640644946639,0.0519165233675251,-0.8259626652858817
0.4096821638005882,0.9605445871455466,0.355487095911585,-0.7519106989536329,-1.4037148140890623
-0.8721444075752534,-0.5122159501066339,0.6835832081875398,-0.999724562184764,-0.8259626652858817
-1.2294250530151118,-0.0154310375308576,0.94832505957109,0.8423829884786666,-0.2482105164827011
1.710291226351864,-1.6008945241903525,-0.632861981129381,-0.999724562184764,0.3295416323204795
-0.1834770248855401,-1.857609692735376,-0.4480174210293307,-0.3679819293612303,1.4850459299268408
1.0692337349238004,-1.4881915747830374,0.0487425773003285,-0.9155362415242816,-0.8259626652858817
0.9352569769170732,-0.4590762400831492,-0.2578240810746696,-0.2951136210938278,1.4850459299268408
-0.5447501484503537,-1.6008945241903525,-0.8176418569538103,0.3108329849414158,1.4850459299268408
-0.1834770248855401,-0.3107249260053708,-1.419048124549063,-0.7519106989536329,0.90729378112366
0.6075728731209361,0.1961715933567669,-0.4902733101506312,-0.0153028430146874,0.90729378112366
0.3588674521799164,0.7339489669303917,0.8953660990908161,-0.1529513019786934,-1.4037148140890623
-0.1834770248855401,-0.1344908157658735,-0.6275816057506787,-0.0153028430146874,-0.8259626652858817
-0.5447501484503537,0.6415856845760621,-0.284243917352429,0.7864394731429292,1.4850459299268408
0.4599453512070529,-1.2867005506817744,1.10723372009547,-1.1731701820760907,-1.4037148140890623
0.6317345143728733,-0.1765248385183215,0.3449067367803362,0.3108329849414158,0.3295416323204795
-0.9409928271622274,0.5427356176130588,-0.0992773195746761,0.5551546512189091,0.90729378112366
2.211939918890805,1.2045172687808845,0.8953660990908161,-0.5174988936387179,-0.2482105164827011
-0.9409928271622274,0.777953648078347,0.2391147830482543,-0.1529513019786934,-0.8259626652858817
-1.3051244209584698,-0.1765248385183215,0.8424124342418837,0.1181095997026837,-0.2482105164827011
-0.9409928271622274,-0.0936753436682334,-1.745841009440995,1.6049679280242553,1.4850459299268408
0.50967204516074,1.188425262842569,1.6107591004967674,-0.1529513019786934,-0.8259626652858817
0.1497676746375819,0.5427356176130588,-0.5853367017323423,1.1636827174575592,0.90729378112366
1.4917666962597105,0.7339489669303917,-0.0992773195746761,-1.2625663859856344,-0.2482105164827011
0.8897779501268768,0.6175161207889672,1.5842458373956587,0.4953528440173136,0.3295416323204795
0.5588766283164393,1.236159840724634,0.8953660990908161,0.3732162523464175,-1.4037148140890623
-1.2294250530151118,-0.95385683175998,-0.5325258189360484,-0.6723568654084577,0.3295416323204795
-1.709345033463832,0.9605445871455466,-1.1606329493472325,-0.0835808255133876,1.4850459299268408
0.6557739769318269,-0.2645557014738005,0.0963292038681522,0.1181095997026837,-0.2482105164827011
0.3074854965264431,0.2601842160482304,0.0275943401782032,-0.2951136210938278,-1.4037148140890623
0.4599453512070529,-0.6249188995139487,0.8953660990908161,-0.3679819293612303,-1.4037148140890623
-1.0110838212671365,-0.5122159501066339,-1.0603970731647612,-0.2951136210938278,1.4850459299268408
-0.3004940848901874,-0.1344908157658735,-1.0076336987809262,-0.2951136210938278,0.3295416323204795
1.0471537200140102,1.796600271403042,2.4864408952686547,2.212940971246909,-1.4037148140890623
0.50967204516074,0.4085355301260088,0.2602714811572216,-0.2234498029810078,0.3295416323204795
0.0959441324639412,1.8481824202126664,0.6200648582201056,-0.5174988936387179,-0.8259626652858817
0.7034925946004649,0.0221187929164237,-0.2155495952711974,0.6141428031148349,1.4850459299268408
0.4599453512070529,1.764718867265733,-0.2578240810746696,-0.9155362415242816,-0.2482105164827011
0.8668791893687646,-0.6848443344480076,0.1227680692776368,-1.3538447528435724,-1.4037148140890623
-0.2415847850131283,0.4364183262877276,0.8741839977052183,1.2657006545420002,-0.2482105164827011
-0.2415847850131283,1.2204274402521351,-2.5777202832303017,1.3653731426736306,1.4850459299268408
-0.3004940848901874,-1.7234096052483263,-1.2977669740973845,-0.7519106989536329,0.90729378112366
0.4599453512070529,-0.4078693171768113,-0.0569901495228193,-0.1529513019786934,0.3295416323204795
1.1131033866122422,-1.1958280415675506,-0.8598681773030582,-0.0835808255133876,0.90729378112366
-0.3602337737049181,-0.8129357997996132,-0.632861981129381,0.6723391437979793,0.3295416323204795
-1.796078435580862,0.3800894072139278,-0.0252725518335801,0.7297646493322294,0.90729378112366
0.1497676746375819,0.0943415566174309,1.2661900603695184,-0.1529513019786934,-1.4037148140890623
-0.12614353402367,-0.0540097574603474,-0.3740614803202118,-1.2625663859856344,-1.4037148140890623
-0.3602337737049181,0.0221187929164237,0.7788750259108819,0.4347146208232458,0.3295416323204795
1.5321773699622627,-1.857609692735376,-0.6170206965807611,-1.2625663859856344,-1.4037148140890623
-1.796078435580862,0.8206246467266384,0.5195097246010735,1.2657006545420002,0.3295416323204795
-0.8044838219502284,-1.6008945241903525,-0.3476461350328882,-0.6723568654084577,0.90729378112366
-0.4823283948439098,-0.6848443344480076,0.4718850135003087,-0.2234498029810078,0.90729378112366
1.2848631155057266,0.2601842160482304,-0.31066243267136,-0.1529513019786934,0.3295416323204795
-0.0136974825027408,0.0221187929164237,0.6835832081875398,0.1181095997026837,-0.8259626652858817
-0.7379601073735192,-1.7234096052483263,-1.0181867957688764,-1.4470862450615318,0.90729378112366
-2.2671360901993034,0.4364183262877276,0.0064469489686989,1.0060085310493156,0.3295416323204795
-1.082476305191571,1.556597882974864,-0.0569901495228193,0.8976138281682634,0.90729378112366
0.6557739769318269,-0.6848443344480076,0.1544964527836136,0.1833072536288011,-1.4037148140890623
0.1497676746375819,-1.2867005506817744,0.8953660990908161,1.1117591952550163,1.4850459299268408
-0.6081362671554226,0.921965867216056,0.1544964527836136,-0.9155362415242816,-1.4037148140890623
1.1131033866122422,0.3510567251624549,-0.8915357007569986,-1.2625663859856344,-0.2482105164827011
0.8897779501268768,-0.4590762400831492,0.3660676666521181,-0.2234498029810078,-1.4037148140890623
1.2424649926711702,0.4637596745697697,0.4718850135003087,0.2475389807861832,-0.2482105164827011
0.8438725626043861,-0.3584595038874357,-0.7754121583637983,-0.9155362415242816,0.90729378112366
0.5588766283164393,0.1630398248767905,-0.321229468945313,-0.5174988936387179,0.90729378112366
2.7700279299864023,-1.383844941853215,-0.0569901495228193,-0.7519106989536329,0.3295416323204795
-0.3004940848901874,-0.0154310375308576,-0.2472557766803455,-1.1731701820760907,0.3295416323204795
0.0414627228692401,-0.3107249260053708,0.5777235259342319,-0.2951136210938278,-1.4037148140890623
0.6557739769318269,1.6294435333012691,-0.701502056126611,0.3732162523464175,0.90729378112366
1.4917666962597105,-0.5674400945503948,-0.7226202840635456,-1.5423771640647748,-0.8259626652858817
0.255519843658032,-0.7474339805719228,0.4718850135003087,-1.639809630300265,-0.8259626652858817
0.0414627228692401,0.4905802034659032,0.2073813225946485,-0.5174988936387179,-1.4037148140890623
0.9125701267835208,-0.8816340680589727,-0.6592630659808637,-0.7519106989536329,-0.2482105164827011
0.1497676746375819,-1.1104664404422773,-2.2988186599570177,0.4953528440173136,1.4850459299268408
-1.082476305191571,0.9605445871455466,-1.3874122527901007,1.0060085310493156,1.4850459299268408
1.5321773699622627,-0.1765248385183215,-0.6909426253804738,-0.6723568654084577,-0.8259626652858817
-0.3004940848901874,1.4397352992461727,0.8424124342418837,-0.5942365125453887,-1.4037148140890623
0.8897779501268768,1.0878085266468562,1.8494381326953224,0.6141428031148349,1.4850459299268408
-1.3051244209584698,-1.1958280415675506,-1.6509865274358873,1.0060085310493156,1.4850459299268408
-1.8850752982615144,-1.857609692735376,0.1439201134249644,-0.3679819293612303,-0.8259626652858817
1.8448320933137312,1.282329065256205,1.6372736892941624,-0.7519106989536329,-0.2482105164827011
0.9352569769170732,-0.1344908157658735,0.5777235259342319,-0.5942365125453887,-1.4037148140890623
-1.8850752982615144,0.9413873502171038,0.6094792075864892,1.4628056089091208,0.3295416323204795
-2.370226055202462,1.807068982778236,-1.7405717639081966,-1.639809630300265,-0.8259626652858817
0.3074854965264431,-0.0540097574603474,-0.5642129823423511,-0.2951136210938278,0.3295416323204795
-0.12614353402367,1.188425262842569,-3.1140585443850264,1.05920628170586,1.4850459299268408
-0.4208344081373881,-1.4881915747830374,0.6835832081875398,1.1117591952550163,0.90729378112366
0.1764390051223182,-0.0936753436682334,0.2602714811572216,-0.3679819293612303,-1.4037148140890623
0.3074854965264431,0.777953648078347,-0.4268882087581391,-1.7394821184318952,-0.2482105164827011
-0.5447501484503537,1.6645001622228477,0.6888767480839008,2.212940971246909,-0.8259626652858817
0.8438725626043861,0.4364183262877276,0.0751790633190399,-0.9155362415242816,-0.8259626652858817
-1.382412760154787,-0.3584595038874357,-0.4374529205398003,0.8423829884786666,0.3295416323204795
0.6075728731209361,1.025613896711181,-0.5958982445758823,-1.5423771640647748,-0.8259626652858817
0.7975304578629887,1.2671069149047998,-0.553650805787321,0.2475389807861832,0.90729378112366
-0.4208344081373881,0.4905802034659032,-0.5325258189360484,-0.1529513019786934,-1.4037148140890623
0.4096821638005882,-1.4881915747830374,-1.0498448203907544,-0.5942365125453887,0.90729378112366
-0.5447501484503537,-0.8129357997996132,0.6306507205688108,1.6049679280242553,1.4850459299268408
0.0959441324639412,0.0586931919469673,-0.2948114819913693,-1.2625663859856344,-0.2482105164827011
2.0130559840930125,-0.7474339805719228,-0.2155495952711974,-1.0855800862049692,-0.8259626652858817
-0.6081362671554226,-1.7234096052483263,-0.2683921741051135,-0.3679819293612303,-0.8259626652858817
-1.5421166316650918,1.3845111548024132,-3.198140409835593,-2.162799784495229,1.4850459299268408
0.3588674521799164,0.5168993845932544,0.0646043102923379,0.5551546512189091,-0.8259626652858817
-0.4823283948439098,0.0943415566174309,1.9555521833060008,-1.1731701820760907,-1.4037148140890623
1.1565929984064325,-1.029985382136751,-2.261971544452721,-2.053032851096776,1.4850459299268408
-1.5421166316650918,0.6652506986710321,0.6835832081875398,-0.442095909892204,-0.2482105164827011
2.2825465539901164,-0.3584595038874357,-0.4268882087581391,-0.6723568654084577,-0.2482105164827011
-1.5421166316650918,1.3845111548024132,-3.198140409835593,-2.162799784495229,1.4850459299268408
1.1565929984064325,-0.2198524168911469,-0.638142303704461,-0.2234498029810078,1.4850459299268408
0.2029532590265267,0.3510567251624549,1.4251940946994548,-0.0153028430146874,0.3295416323204795
0.534338725933162,0.921965867216056,1.7963890654132295,-0.8329516058399294,-0.8259626652858817
-0.12614353402367,-1.383844941853215,0.1650730036711322,0.8423829884786666,0.90729378112366
0.1497676746375819,1.4532094230617714,0.286718543885519,2.637200843612665,0.3295416323204795
-0.3602337737049181,-0.6848443344480076,1.6054563418228949,0.3108329849414158,0.90729378112366
-1.6247336740081475,-1.029985382136751,-0.2683921741051135,2.449484845591038,1.4850459299268408
1.1131033866122422,0.291131290228396,-2.1777398800000887,-0.3679819293612303,1.4850459299268408
0.4096821638005882,1.0878085266468562,-0.1627017319151491,3.984345631355557,-0.8259626652858817
-1.5421166316650918,-0.3584595038874357,1.5842458373956587,3.252721753760079,-0.2482105164827011
-0.12614353402367,0.9605445871455466,-0.7437376672882765,-0.1529513019786934,1.4850459299268408
-0.3004940848901874,-0.0936753436682334,2.0616874588491862,-0.5942365125453887,-1.4037148140890623
-1.976492840717729,0.8206246467266384,-0.7965274299558516,-0.0835808255133876,0.90729378112366
1.091216595768499,0.5168993845932544,-0.0569901495228193,-0.5174988936387179,-0.2482105164827011
-0.7379601073735192,-0.4590762400831492,-0.3951928056182565,-1.1731701820760907,-1.4037148140890623
0.6796928259548332,0.0586931919469673,0.0223074130728431,-0.442095909892204,-1.4037148140890623
-0.4823283948439098,-0.2198524168911469,1.001289316212161,-1.0855800862049692,-0.8259626652858817
0.4599453512070529,1.5314537291991472,-0.1627017319151491,0.1181095997026837,-0.2482105164827011
0.3588674521799164,0.4085355301260088,-1.0762250566215634,0.1833072536288011,1.4850459299268408
-0.0695585039898909,-0.5122159501066339,-1.1764579257728336,-1.5423771640647748,-0.8259626652858817
-0.4208344081373881,1.5314537291991472,0.7894640644946639,-0.2951136210938278,-0.8259626652858817
3.220461282816746,-1.6008945241903525,-0.1627017319151491,-1.1731701820760907,0.90729378112366
-1.0110838212671365,-0.6249188995139487,-0.6434225734767853,0.3732162523464175,1.4850459299268408
1.2848631155057266,0.7994507861580815,-0.2525399552982525,2.6003022184816147,-1.4037148140890623
1.002697792188194,1.0878085266468562,0.0910415894175349,-0.7519106989536329,-0.8259626652858817
-0.4823283948439098,-0.7474339805719228,0.1968039255492784,-0.6723568654084577,-0.8259626652858817
-0.2415847850131283,1.698705128310991,0.8953660990908161,-0.2234498029810078,-1.4037148140890623
-0.5763202842813223,0.2601842160482304,0.2602714811572216,-0.0153028430146874,-1.4037148140890623
-0.0695585039898909,0.5427356176130588,0.270850147566447,0.2475389807861832,0.90729378112366
0.6796928259548332,-0.4078693171768113,-1.197557155855005,-0.2234498029810078,1.4850459299268408
0.7034925946004649,-0.8129357997996132,-1.1131551714749637,-1.3538447528435724,-0.2482105164827011
-0.4208344081373881,0.9980944175928274,1.2131993149785547,1.21499174567799,1.4850459299268408
-0.9409928271622274,0.5427356176130588,-0.0992773195746761,0.5551546512189091,0.90729378112366
-1.5421166316650918,-1.6008945241903525,-1.3874122527901007,-0.1529513019786934,1.4850459299268408
-1.5421166316650918,-0.95385683175998,1.10723372009547,-0.0835808255133876,-0.8259626652858817
-1.1552338208708606,-0.95385683175998,-1.0709491148957668,0.5551546512189091,1.4850459299268408
0.4599453512070529,1.2517183989605083,-0.2895277260907378,-0.5942365125453887,-0.2482105164827011
-0.7379601073735192,-0.3107249260053708,1.531223288017139,-0.0835808255133876,0.3295416323204795
0.6075728731209361,1.5813008884133777,0.6147720064391821,-0.5942365125453887,-0.8259626652858817
-0.5447501484503537,-0.3584595038874357,0.1544964527836136,0.6723391437979793,1.4850459299268408
0.4599453512070529,1.3703599282116834,-0.902091119681729,-0.7519106989536329,-0.2482105164827011
-0.7379601073735192,-1.383844941853215,0.7894640644946639,0.6723391437979793,-0.2482105164827011
0.0959441324639412,-0.5674400945503948,1.6372736892941624,-0.3679819293612303,-1.4037148140890623
-0.6081362671554226,0.3214127840635042,-0.5853367017323423,-0.1529513019786934,0.3295416323204795
0.6557739769318269,-0.3584595038874357,-0.1098485835085527,-0.2951136210938278,-0.2482105164827011
0.6317345143728733,0.5681063074995929,-0.2049804453786316,2.5255492928041696,-1.4037148140890623
-1.709345033463832,-0.95385683175998,1.001289316212161,1.05920628170586,-1.4037148140890623
1.4305586683992673,-0.3584595038874357,-1.0551209731584252,-0.999724562184764,-0.2482105164827011
-0.6725257283881592,0.4085355301260088,0.5936011285927681,-0.442095909892204,0.3295416323204795
-1.6247336740081475,-2.1718036662439544,-1.0551209731584252,-0.999724562184764,1.4850459299268408
1.091216595768499,1.6873955478790068,1.4251940946994548,-0.8329516058399294,-0.2482105164827011
-0.9409928271622274,-0.8129357997996132,1.7433453027725825,-0.1529513019786934,-1.4037148140890623
-1.8850752982615144,-0.7474339805719228,0.4718850135003087,2.1311354823493662,0.3295416323204795
-0.1834770248855401,-0.2198524168911469,1.7433453027725825,-0.5942365125453887,-0.2482105164827011
-0.8044838219502284,-0.4078693171768113,-0.9759731414158324,0.6723391437979793,1.4850459299268408
0.4096821638005882,-1.029985382136751,-0.2683921741051135,-0.3679819293612303,0.3295416323204795
-0.3004940848901874,0.5168993845932544,-0.5853367017323423,-0.0153028430146874,0.3295416323204795
-0.0136974825027408,-0.5674400945503948,-0.4797096547873371,-0.5942365125453887,-0.8259626652858817
-1.709345033463832,-0.6848443344480076,0.3660676666521181,0.3732162523464175,-0.8259626652858817
0.50967204516074,1.2045172687808845,-0.31066243267136,-0.8329516058399294,-0.2482105164827011
0.4599453512070529,-1.857609692735376,0.5248016237544343,-0.0835808255133876,0.3295416323204795
-0.4208344081373881,-0.8816340680589727,-0.553650805787321,0.8976138281682634,0.90729378112366
0.4599453512070529,1.6529113297765117,0.7894640644946639,-1.1731701820760907,-1.4037148140890623
-0.4823283948439098,-1.1958280415675506,-1.0076336987809262,0.3732162523464175,1.4850459299268408
-0.7379601073735192,0.291131290228396,-0.2683921741051135,-0.7519106989536329,-1.4037148140890623
-0.7379601073735192,-0.6249188995139487,-2.209328333524061,-0.8329516058399294,1.4850459299268408
0.1497676746375819,1.9269741739439328,-0.1838415114340089,-0.3679819293612303,-0.8259626652858817
1.5922167026840142,0.0221187929164237,-1.0498448203907544,-0.5942365125453887,0.3295416323204795
-0.7379601073735192,-0.0936753436682334,1.4251940946994548,-0.2234498029810078,0.3295416323204795
1.091216595768499,-1.383844941853215,-0.701502056126611,0.4347146208232458,1.4850459299268408
0.3588674521799164,0.8620404322819979,-0.1996957911632247,0.3732162523464175,0.90729378112366
1.3059310199424548,1.356065031890332,0.2232478148204512,-0.9155362415242816,-0.8259626652858817
-1.976492840717729,0.6652506986710321,0.2073813225946485,0.4347146208232458,1.4850459299268408
-0.3602337737049181,-0.7474339805719228,1.001289316212161,0.1181095997026837,0.90729378112366
-1.0110838212671365,0.6885245375464438,0.7894640644946639,-1.0855800862049692,-0.8259626652858817
-2.167313641204533,-1.857609692735376,-0.6275816057506787,-0.442095909892204,0.90729378112366
-0.0695585039898909,1.1050852488466911,3.0284945802224112,0.6723391437979793,-1.4037148140890623
0.750740868738186,0.6415856845760621,1.616061912198436,-0.7519106989536329,-0.8259626652858817
0.255519843658032,1.17214721803317,0.8424124342418837,-0.1529513019786934,-0.8259626652858817
-1.4613781103809098,-0.4590762400831492,-0.8176418569538103,1.1636827174575592,1.4850459299268408
-1.3051244209584698,0.3214127840635042,1.001289316212161,2.0054582107891314,0.3295416323204795
-1.6247336740081475,-1.1104664404422773,-0.9865268716086067,-0.9155362415242816,1.4850459299268408
0.255519843658032,0.291131290228396,0.6306507205688108,1.5580965279123633,-0.2482105164827011
-1.3051244209584698,-0.4078693171768113,-1.118430691142228,0.3732162523464175,-0.2482105164827011
-1.082476305191571,0.84148480891053,-0.4480174210293307,-0.7519106989536329,-0.2482105164827011
1.3059310199424548,-0.8129357997996132,0.1121923644803796,0.1833072536288011,-0.2482105164827011
0.750740868738186,1.743056360086772,0.2602714811572216,-0.8329516058399294,-1.4037148140890623
1.4305586683992673,1.236159840724634,-0.2631081540101166,-0.1529513019786934,0.3295416323204795
-0.9409928271622274,-0.8816340680589727,0.0275943401782032,0.4953528440173136,0.90729378112366
-0.4823283948439098,-0.4078693171768113,-0.9443106843601828,1.0060085310493156,0.3295416323204795
-1.1552338208708606,-0.3107249260053708,0.4718850135003087,-0.7519106989536329,1.4850459299268408
0.4096821638005882,0.3214127840635042,1.2661900603695184,-0.5942365125453887,-0.8259626652858817
1.5522666223300623,-1.383844941853215,-0.0041264294294463,-0.442095909892204,0.90729378112366
0.4348817429537265,1.5058523840260385,1.6372736892941624,-0.5174988936387179,-1.4037148140890623
-1.082476305191571,0.4637596745697697,-0.500836754242938,-0.442095909892204,-0.2482105164827011
-0.8044838219502284,-1.6008945241903525,-0.3476461350328882,-0.6723568654084577,0.90729378112366
-1.2294250530151118,0.3214127840635042,1.531223288017139,-0.2234498029810078,0.3295416323204795
0.50967204516074,1.492875009269658,-0.1574166549104572,-0.999724562184764,-1.4037148140890623
-1.6247336740081475,-1.857609692735376,0.2602714811572216,2.2532720740202623,-0.2482105164827011
-0.6725257283881592,0.7994507861580815,0.2073813225946485,-0.3679819293612303,-0.8259626652858817
1.512010981520418,-0.95385683175998,-0.0569901495228193,-1.3538447528435724,-0.8259626652858817
-0.12614353402367,-0.1344908157658735,-0.0041264294294463,-1.2625663859856344,-1.4037148140890623
-0.4208344081373881,0.3510567251624549,0.8530027435866425,1.2657006545420002,-0.2482105164827011
-1.5421166316650918,-1.6008945241903525,-1.3874122527901007,-0.1529513019786934,1.4850459299268408
-1.2294250530151118,0.8823002810081708,-0.4374529205398003,-0.1529513019786934,-0.2482105164827011
1.806733097601669,0.5681063074995929,0.0064469489686989,-0.5942365125453887,-1.4037148140890623
0.4599453512070529,-2.3598205665296184,-2.0303020341254028,-2.3910399698590603,1.4850459299268408
0.5588766283164393,-0.95385683175998,1.10723372009547,0.3108329849414158,1.4850459299268408
-1.1552338208708606,1.070317181293834,1.8494381326953224,0.7297646493322294,0.3295416323204795
-0.12614353402367,1.2045172687808845,0.0487425773003285,0.9521499218771196,-1.4037148140890623
1.957553492826959,-0.8816340680589727,-0.4268882087581391,-0.5942365125453887,-0.8259626652858817
-0.5447501484503537,0.5427356176130588,-1.0551209731584252,-0.0153028430146874,1.4850459299268408
0.7034925946004649,0.0943415566174309,0.6994639866841911,-0.6723568654084577,-0.8259626652858817
0.8897779501268768,-0.8129357997996132,-0.5219630086314005,-0.2951136210938278,0.90729378112366
0.255519843658032,-0.6249188995139487,-1.229204418578108,1.05920628170586,0.90729378112366
-1.3051244209584698,-1.857609692735376,-0.7120612756861617,0.2475389807861832,0.90729378112366
0.1497676746375819,-0.2645557014738005,-0.4321705910607026,-0.999724562184764,0.3295416323204795
-0.7379601073735192,0.4085355301260088,-1.0181867957688764,1.1117591952550163,0.90729378112366
-1.6247336740081475,-0.3584595038874357,-0.965419200146262,-0.5942365125453887,0.90729378112366
0.1497676746375819,-0.2645557014738005,0.4718850135003087,-0.2951136210938278,-1.4037148140890623
-0.6081362671554226,-0.8816340680589727,0.3131669290000085,0.8976138281682634,1.4850459299268408
0.4096821638005882,1.6529113297765117,0.7365209893197011,-1.1731701820760907,-1.4037148140890623
-0.6081362671554226,0.8620404322819979,0.3131669290000085,3.090322158400634,-1.4037148140890623
2.0130559840930125,-0.2198524168911469,0.4507198510191897,0.1833072536288011,0.3295416323204795
-1.3051244209584698,-0.4078693171768113,0.7894640644946639,1.6049679280242553,-0.2482105164827011
-0.0136974825027408,-0.2645557014738005,-0.701502056126611,-0.7519106989536329,0.3295416323204795
-0.3004940848901874,-1.2867005506817744,0.7365209893197011,-0.1529513019786934,-0.8259626652858817
-1.5421166316650918,-0.6848443344480076,3.1242085199824814,0.1181095997026837,-1.4037148140890623
-1.0110838212671365,-1.1958280415675506,0.2602714811572216,0.0519165233675251,0.90729378112366
0.1497676746375819,-1.4881915747830374,-1.3241348145303469,-0.442095909892204,0.90729378112366
0.3588674521799164,-1.383844941853215,-1.0287396816971015,2.047756714913818,1.4850459299268408
-0.12614353402367,-0.2645557014738005,-0.0569901495228193,-0.0153028430146874,-0.8259626652858817
-0.1834770248855401,-1.2867005506817744,0.1174801904396759,-0.6723568654084577,0.3295416323204795
-0.7379601073735192,-1.029985382136751,1.9555521833060008,-1.1731701820760907,-0.8259626652858817
-1.382412760154787,-0.6249188995139487,-0.7806910554443683,1.21499174567799,1.4850459299268408
0.750740868738186,-0.6848443344480076,0.0487425773003285,2.7100691518800675,0.3295416323204795
0.5588766283164393,1.155678782419108,0.3978106485719703,-0.7519106989536329,-0.8259626652858817
0.8897779501268768,1.8682975507935096,-0.2683921741051135,-0.999724562184764,-0.2482105164827011
0.750740868738186,1.556597882974864,0.3290365948416858,-1.2625663859856344,-1.4037148140890623
2.2296745516119487,1.1390154495531934,0.94832505957109,-0.5174988936387179,-0.2482105164827011
0.4599453512070529,1.764718867265733,-0.2578240810746696,-0.9155362415242816,-0.2482105164827011
-0.5447501484503537,0.3214127840635042,-0.785969899736134,0.8423829884786666,-0.2482105164827011
0.7975304578629887,0.3510567251624549,1.1496174148912957,-0.7519106989536329,-0.8259626652858817
1.1565929984064325,-0.3107249260053708,0.8106427770152904,-0.0153028430146874,0.3295416323204795
0.0959441324639412,-1.1104664404422773,1.8494381326953224,-0.5942365125453887,1.4850459299268408
-0.1834770248855401,-0.6848443344480076,-0.4532995920408033,-1.7394821184318952,-1.4037148140890623
0.9578397344112068,-0.95385683175998,-0.2683921741051135,1.697217414224036,0.3295416323204795
-0.0136974825027408,-1.2867005506817744,0.3131669290000085,0.1181095997026837,1.4850459299268408
-1.4613781103809098,0.1961715933567669,1.001289316212161,0.2475389807861832,0.90729378112366
-1.082476305191571,-0.8129357997996132,1.7433453027725825,2.637200843612665,-1.4037148140890623
0.0959441324639412,0.921965867216056,-0.5325258189360484,-0.5174988936387179,-1.4037148140890623
0.0959441324639412,-0.3584595038874357,-1.8354101220220356,-0.2234498029810078,1.4850459299268408
0.8438725626043861,1.297388408739908,-1.218655541984755,-0.9155362415242816,-0.2482105164827011
-0.9409928271622274,0.777953648078347,-0.5958982445758823,-0.7519106989536329,-0.2482105164827011
-1.1552338208708606,-0.8816340680589727,-1.2924932478018292,0.7864394731429292,1.4850459299268408
-0.6081362671554226,1.297388408739908,0.6094792075864892,-0.442095909892204,-1.4037148140890623
0.255519843658032,0.291131290228396,0.2073813225946485,0.1181095997026837,-0.8259626652858817
0.4096821638005882,0.7114199232026032,1.4251940946994548,-0.0835808255133876,0.3295416323204795
-0.4823283948439098,0.9605445871455466,-0.4797096547873371,-0.7519106989536329,-0.2482105164827011
-0.8044838219502284,-0.0936753436682334,-0.321229468945313,-1.3538447528435724,-0.8259626652858817
0.0414627228692401,-1.029985382136751,0.0593170130891848,-0.5174988936387179,-0.2482105164827011
0.6075728731209361,0.2285416441044802,-0.7437376672882765,-0.6723568654084577,0.3295416323204795
0.6557739769318269,-0.6848443344480076,-0.321229468945313,-0.442095909892204,-0.8259626652858817
1.749075848231491,-1.4881915747830374,-0.4691457881488097,-0.442095909892204,0.3295416323204795
-0.8044838219502284,-0.95385683175998,-0.638142303704461,-0.5174988936387179,-1.4037148140890623
-0.12614353402367,1.89794149189246,0.0487425773003285,-0.6723568654084577,-0.8259626652858817
1.002697792188194,0.4637596745697697,0.0487425773003285,0.7864394731429292,-0.8259626652858817
-0.12614353402367,1.155678782419108,0.1862267400496752,-0.442095909892204,-1.4037148140890623
1.002697792188194,1.0878085266468562,0.0910415894175349,-0.7519106989536329,-0.8259626652858817
0.6075728731209361,1.2045172687808845,0.3925200193219723,-0.442095909892204,-0.2482105164827011
-1.382412760154787,-0.4590762400831492,0.7365209893197011,1.7875448956118756,-0.2482105164827011
0.0414627228692401,0.3800894072139278,0.4718850135003087,1.2657006545420002,0.3295416323204795
0.4599453512070529,-1.2867005506817744,0.418973694642573,-0.2951136210938278,0.3295416323204795
0.4599453512070529,1.356065031890332,1.4145923416422184,-0.1529513019786934,-0.8259626652858817
-0.8721444075752534,0.6175161207889672,0.6835832081875398,0.3732162523464175,-0.8259626652858817
0.6557739769318269,-1.7234096052483263,0.8953660990908161,0.3108329849414158,-0.2482105164827011
0.4848748462179007,1.1221525510723551,1.372187449699993,-0.9155362415242816,-1.4037148140890623
-1.1552338208708606,-0.0936753436682334,-1.4506820982127688,0.4347146208232458,0.90729378112366
0.6075728731209361,-0.4078693171768113,-0.738458400671951,-0.0153028430146874,-0.2482105164827011
-1.3051244209584698,-1.857609692735376,-0.5219630086314005,1.1117591952550163,0.90729378112366
0.6317345143728733,1.17214721803317,0.4083920657920144,-0.7519106989536329,-0.8259626652858817
-0.5447501484503537,-1.029985382136751,0.2602714811572216,1.3158233201107448,0.90729378112366
-0.1834770248855401,0.7561232077852561,-0.7490168811120713,-1.1731701820760907,-0.8259626652858817
2.455320042483067,-0.2645557014738005,-1.0076336987809262,-1.7394821184318952,0.90729378112366
1.5321773699622627,-0.0936753436682334,1.5842458373956587,-0.2951136210938278,0.3295416323204795
0.0414627228692401,-0.8816340680589727,-1.0392923565695875,-0.0153028430146874,1.4850459299268408
-0.2415847850131283,-1.383844941853215,-0.8123633293831729,-0.442095909892204,0.90729378112366
0.2029532590265267,-0.0154310375308576,0.7894640644946639,0.1833072536288011,-0.8259626652858817
0.5588766283164393,0.291131290228396,-0.8809800707218507,1.414363068253297,1.4850459299268408
0.6075728731209361,-0.3584595038874357,0.9748065258384456,0.5551546512189091,-0.8259626652858817
0.8207567629491878,0.1961715933567669,0.4718850135003087,-0.8329516058399294,-1.4037148140890623
-1.5421166316650918,-1.857609692735376,-1.6615267574959351,0.3732162523464175,1.4850459299268408
-1.3051244209584698,-0.8129357997996132,1.054258869543658,1.2657006545420002,0.3295416323204795
-3.214419347698339,-0.8129357997996132,-0.6275816057506787,0.7297646493322294,1.4850459299268408
0.4599453512070529,0.2601842160482304,-1.7669174646552757,-0.7519106989536329,0.90729378112366
-1.2294250530151118,-1.1104664404422773,0.323746653328794,0.8423829884786666,0.90729378112366
-1.4613781103809098,-0.8816340680589727,-0.358212431640191,-0.2951136210938278,0.3295416323204795
-0.5447501484503537,0.1630398248767905,-2.725004873452121,0.6141428031148349,1.4850459299268408
-1.5421166316650918,-1.4881915747830374,0.3660676666521181,0.8976138281682634,0.3295416323204795
-0.8721444075752534,0.777953648078347,0.3078771461830749,-0.3679819293612303,-0.2482105164827011
0.3588674521799164,-0.7474339805719228,-1.8406784191759145,-1.1731701820760907,1.4850459299268408
-0.0136974825027408,0.2601842160482304,0.3660676666521181,1.7426163869882607,1.4850459299268408
-1.2294250530151118,-0.95385683175998,-1.2503015388426555,0.4347146208232458,1.4850459299268408
-0.4208344081373881,-1.2867005506817744,0.6835832081875398,0.1833072536288011,0.3295416323204795
-0.8721444075752534,-1.1104664404422773,0.0646043102923379,0.0519165233675251,0.3295416323204795
0.1497676746375819,1.2204274402521351,-2.2935549442284064,-1.0855800862049692,0.3295416323204795
0.727174784923538,-0.5674400945503948,-0.3423629074815597,-0.6723568654084577,-0.8259626652858817
0.3074854965264431,-1.7234096052483263,0.1544964527836136,0.2475389807861832,-0.8259626652858817
0.7034925946004649,-0.5674400945503948,0.2602714811572216,0.1833072536288011,-0.8259626652858817
-0.0136974825027408,-2.005961006813154,-0.4585817102308895,-0.7519106989536329,0.3295416323204795
0.8897779501268768,0.4637596745697697,-0.331796293880602,-0.2951136210938278,0.3295416323204795
2.140436219188819,-0.0154310375308576,0.0751790633190399,-0.6723568654084577,-1.4037148140890623
-1.382412760154787,-0.5674400945503948,-0.8176418569538103,1.1636827174575592,1.4850459299268408
-0.6725257283881592,-0.3584595038874357,-1.3452281376550008,-1.1731701820760907,0.90729378112366
0.9578397344112068,-1.2867005506817744,-0.2683921741051135,-0.442095909892204,0.3295416323204795
-0.6725257283881592,0.0943415566174309,0.0487425773003285,-0.0835808255133876,-0.8259626652858817
0.5832874550927392,0.3800894072139278,-0.2683921741051135,-0.5174988936387179,0.90729378112366
-0.3602337737049181,0.0221187929164237,0.7788750259108819,0.4347146208232458,0.3295416323204795
2.0130559840930125,-0.7474339805719228,-0.2155495952711974,-1.0855800862049692,-0.8259626652858817
-0.5447501484503537,0.0221187929164237,-0.2578240810746696,0.1181095997026837,0.90729378112366
1.1565929984064325,1.2204274402521351,-0.0358452958480606,-1.5423771640647748,-1.4037148140890623
0.5588766283164393,1.492875009269658,-0.1627017319151491,0.1181095997026837,-0.2482105164827011
0.6557739769318269,1.3985215708331216,-0.5853367017323423,-0.9155362415242816,0.3295416323204795
0.0959441324639412,-0.6249188995139487,-0.8493119139110082,0.1181095997026837,0.3295416323204795
0.3074854965264431,1.6412263233474358,-0.2419715452203418,-0.8329516058399294,-1.4037148140890623
0.7034925946004649,1.297388408739908,1.2926874202841874,0.7864394731429292,-1.4037148140890623
0.50967204516074,0.291131290228396,0.4718850135003087,-0.999724562184764,-1.4037148140890623
-0.7379601073735192,1.9460019661291212,-2.3777680797530683,-1.0855800862049692,0.90729378112366
-0.6725257283881592,0.6175161207889672,-0.1098485835085527,-0.442095909892204,-1.4037148140890623
0.6557739769318269,0.4905802034659032,1.6372736892941624,0.1833072536288011,-0.2482105164827011
-0.6725257283881592,0.4905802034659032,-0.0041264294294463,0.3732162523464175,0.3295416323204795
1.4510413313346084,0.3510567251624549,-0.7965274299558516,-0.442095909892204,-0.2482105164827011
0.4599453512070529,0.9413873502171038,-0.0887058442134019,-0.5174988936387179,-0.2482105164827011
0.2029532590265267,0.5681063074995929,-0.2683921741051135,-0.2951136210938278,0.90729378112366
0.4599453512070529,0.2285416441044802,-0.954865047795823,-0.442095909892204,0.3295416323204795
1.0249754471645949,-1.383844941853215,-0.2314029237721384,-0.442095909892204,-0.2482105164827011
-0.2415847850131283,-0.4078693171768113,-0.8176418569538103,0.9521499218771196,0.90729378112366
1.0692337349238004,-1.4881915747830374,0.0487425773003285,-0.9155362415242816,-0.8259626652858817
-0.8044838219502284,0.9022727462873308,-0.2472557766803455,1.21499174567799,0.90729378112366
1.3686209856734135,-0.4078693171768113,0.8741839977052183,0.0519165233675251,0.3295416323204795
-0.9409928271622274,-1.857609692735376,-0.5430884179866066,-0.1529513019786934,0.90729378112366
-0.7379601073735192,-0.6848443344480076,-0.638142303704461,-0.5942365125453887,-1.4037148140890623
-1.5421166316650918,-1.2867005506817744,-0.7754121583637983,0.6141428031148349,1.4850459299268408
-0.6725257283881592,0.1961715933567669,0.418973694642573,-0.2234498029810078,0.3295416323204795
-2.070506624769461,1.01650036849522,-0.3529293097522587,1.3158233201107448,0.90729378112366
1.6907930495148782,0.3214127840635042,-0.5219630086314005,-1.0855800862049692,0.90729378112366
0.7034925946004649,-0.5674400945503948,0.2602714811572216,0.1833072536288011,-0.8259626652858817
0.8668791893687646,1.2671069149047998,-0.2155495952711974,-0.1529513019786934,-1.4037148140890623
1.7683635888793614,1.3703599282116834,3.278450554769965,0.2475389807861832,-1.4037148140890623
0.3843447143538732,-0.3107249260053708,-0.0041264294294463,-1.2625663859856344,-0.2482105164827011
-0.9409928271622274,-2.1718036662439544,-0.1521315250548301,-0.8329516058399294,1.4850459299268408
0.255519843658032,1.492875009269658,-0.2683921741051135,-0.7519106989536329,-0.8259626652858817
-0.0136974825027408,-0.4078693171768113,0.5142178783664979,0.5551546512189091,-0.8259626652858817
-0.5447501484503537,-0.0540097574603474,-1.0287396816971015,-0.5942365125453887,0.90729378112366
-0.4823283948439098,0.2601842160482304,-0.358212431640191,-0.7519106989536329,0.3295416323204795
0.4096821638005882,0.9413873502171038,1.2131993149785547,0.3732162523464175,-0.8259626652858817
0.50967204516074,0.1630398248767905,0.1016168711950943,-0.3679819293612303,-0.8259626652858817
-0.3004940848901874,0.2285416441044802,-1.5086727871986516,-0.8329516058399294,0.90729378112366
-0.7379601073735192,-0.0936753436682334,1.4251940946994548,-0.2234498029810078,0.3295416323204795
0.1497676746375819,1.3122883911014052,3.704177791134055,0.7864394731429292,-1.4037148140890623
-0.1834770248855401,0.4637596745697697,0.7894640644946639,-0.8329516058399294,0.3295416323204795
-0.7379601073735192,0.0586931919469673,0.9959926522056718,1.0060085310493156,0.90729378112366
0.6796928259548332,0.5930279349700256,0.1016168711950943,-1.4470862450615318,0.3295416323204795
1.4917666962597105,0.8823002810081708,0.7365209893197011,-0.9155362415242816,-0.2482105164827011
1.1781978927382837,-1.6008945241903525,0.0064469489686989,-1.1731701820760907,-0.8259626652858817
0.4599453512070529,-0.0154310375308576,-0.8281987537406303,-0.2234498029810078,0.90729378112366
2.211939918890805,1.155678782419108,-1.5350300826045309,-1.2625663859856344,0.3295416323204795
-2.2671360901993034,-1.2867005506817744,-1.1237061580545695,0.9521499218771196,1.4850459299268408
1.710291226351864,1.907685718973949,0.5777235259342319,-0.8329516058399294,-1.4037148140890623
1.3269127054557608,0.84148480891053,-0.638142303704461,-1.639809630300265,-1.4037148140890623
-0.3602337737049181,0.3800894072139278,1.5842458373956587,0.7297646493322294,0.3295416323204795
-1.2294250530151118,0.8206246467266384,1.8494381326953224,1.5580965279123633,0.3295416323204795
0.3074854965264431,-0.4590762400831492,-1.745841009440995,1.1636827174575592,1.4850459299268408
-0.9409928271622274,0.2285416441044802,-0.7226202840635456,1.21499174567799,0.90729378112366
0.8668791893687646,-1.6008945241903525,0.3925200193219723,0.0519165233675251,-0.8259626652858817
-1.709345033463832,1.01650036849522,-0.8493119139110082,0.8976138281682634,0.90729378112366
0.1764390051223182,0.6885245375464438,-0.1098485835085527,0.1833072536288011,0.3295416323204795
-1.796078435580862,-1.857609692735376,-1.503401169971857,0.4347146208232458,1.4850459299268408
0.4599453512070529,0.0221187929164237,-0.2895277260907378,-0.8329516058399294,-0.2482105164827011
-0.9409928271622274,0.2285416441044802,-0.7226202840635456,1.21499174567799,0.90729378112366
0.727174784923538,1.556597882974864,-0.0569901495228193,0.1181095997026837,-0.2482105164827011
-0.1834770248855401,-0.5674400945503948,-1.640446086569057,0.1181095997026837,1.4850459299268408
-0.6081362671554226,-1.383844941853215,1.4251940946994548,-0.1529513019786934,-0.8259626652858817
0.4096821638005882,1.297388408739908,0.3872294429781081,-0.8329516058399294,-0.8259626652858817
-0.0695585039898909,1.4123939509641306,0.5777235259342319,0.9521499218771196,0.3295416323204795
-1.0110838212671365,0.3510567251624549,-0.500836754242938,-0.7519106989536329,-0.2482105164827011
-1.3051244209584698,-1.857609692735376,-0.5219630086314005,1.1117591952550163,0.90729378112366
-0.12614353402367,1.8174604335869335,0.2602714811572216,4.815018526344369,-0.2482105164827011
-0.4823283948439098,-0.1344908157658735,0.6200648582201056,-0.2234498029810078,0.3295416323204795
-1.976492840717729,-2.1718036662439544,0.7365209893197011,0.3732162523464175,-0.2482105164827011
-1.2294250530151118,-0.1344908157658735,-0.9865268716086067,0.9521499218771196,1.4850459299268408
-0.8044838219502284,0.8823002810081708,0.0751790633190399,-0.3679819293612303,-0.8259626652858817
0.50967204516074,-0.8816340680589727,-0.2155495952711974,-0.2951136210938278,0.3295416323204795
1.4510413313346084,1.327032349838858,0.7576975840749769,-0.8329516058399294,-0.2482105164827011
0.1497676746375819,1.3122883911014052,3.704177791134055,0.7864394731429292,-1.4037148140890623
0.1497676746375819,1.5187112422894624,0.7894640644946639,-0.2234498029810078,-1.4037148140890623
-1.382412760154787,-0.95385683175998,0.6835832081875398,1.3653731426736306,0.3295416323204795
-0.5447501484503537,-1.1958280415675506,-0.1151341361915925,0.6141428031148349,1.4850459299268408
0.8897779501268768,0.0221187929164237,1.2131993149785547,-0.2951136210938278,-1.4037148140890623
1.0249754471645949,0.0221187929164237,0.5777235259342319,-0.8329516058399294,-0.8259626652858817
0.9803196100658468,-0.1344908157658735,0.4718850135003087,-0.8329516058399294,-0.8259626652858817
0.255519843658032,0.0586931919469673,1.054258869543658,-0.1529513019786934,-1.4037148140890623
0.50967204516074,0.0221187929164237,0.4083920657920144,0.0519165233675251,-0.2482105164827011
1.7683635888793614,-1.857609692735376,-0.0041264294294463,-0.5942365125453887,-0.2482105164827011
-1.6247336740081475,-1.029985382136751,-0.2683921741051135,2.449484845591038,1.4850459299268408
1.1348951721954592,1.796600271403042,0.0487425773003285,0.1181095997026837,-1.4037148140890623
-0.12614353402367,0.8206246467266384,0.0487425773003285,-0.8329516058399294,-1.4037148140890623
-0.0136974825027408,0.5168993845932544,-0.902091119681729,1.6049679280242553,0.3295416323204795
1.4099949415427937,-1.383844941853215,-0.5747749476560294,0.1181095997026837,0.3295416323204795
0.6796928259548332,-0.6848443344480076,3.416774550767112,0.6141428031148349,0.90729378112366
1.2211329064055991,0.7339489669303917,0.418973694642573,0.8423829884786666,-0.2482105164827011
-1.709345033463832,-0.4590762400831492,0.3660676666521181,0.9521499218771196,-1.4037148140890623
-0.8721444075752534,1.907685718973949,0.418973694642573,2.047756714913818,-1.4037148140890623
-0.6081362671554226,0.2601842160482304,0.8106427770152904,-0.0153028430146874,-0.2482105164827011
-1.082476305191571,0.97944467217961,1.6372736892941624,-0.0153028430146874,-1.4037148140890623
-1.082476305191571,-1.6008945241903525,-0.3476461350328882,-0.0835808255133876,0.3295416323204795
0.750740868738186,0.1630398248767905,0.2602714811572216,-0.7519106989536329,-0.8259626652858817
-0.0136974825027408,-0.3107249260053708,0.8953660990908161,-0.442095909892204,0.3295416323204795
1.1131033866122422,0.291131290228396,-2.1777398800000887,-0.3679819293612303,1.4850459299268408
-1.082476305191571,-1.4881915747830374,0.6835832081875398,-0.1529513019786934,-1.4037148140890623
-1.2294250530151118,0.2285416441044802,0.3343265892541257,0.7864394731429292,0.90729378112366
0.750740868738186,-1.2867005506817744,-2.1882695750984293,-0.442095909892204,1.4850459299268408
-1.0110838212671365,0.2285416441044802,-0.0781341574204839,0.8976138281682634,0.90729378112366
0.9578397344112068,0.7339489669303917,-0.1627017319151491,3.9301503971369134,-0.8259626652858817
0.4599453512070529,1.2517183989605083,-0.2895277260907378,-0.5942365125453887,-0.2482105164827011
0.4599453512070529,-0.95385683175998,1.4251940946994548,-0.5174988936387179,0.90729378112366
0.2029532590265267,0.921965867216056,-0.4268882087581391,-0.0835808255133876,-1.4037148140890623
-1.3435646455675814,-1.7234096052483263,-1.7932618481501488,-0.9155362415242816,0.90729378112366
0.750740868738186,0.2601842160482304,0.4718850135003087,-0.7519106989536329,-0.8259626652858817
0.6557739769318269,1.7539292727547506,0.7788750259108819,-0.7519106989536329,-0.8259626652858817
-0.4823283948439098,-1.7234096052483263,-0.701502056126611,-0.7519106989536329,1.4850459299268408
0.3588674521799164,0.6652506986710321,-0.2155495952711974,-0.3679819293612303,-0.2482105164827011
-1.1552338208708606,0.3510567251624549,-0.754296042144029,1.3653731426736306,1.4850459299268408
-0.9409928271622274,0.2285416441044802,-0.7226202840635456,1.21499174567799,0.90729378112366
0.255519843658032,-0.6249188995139487,-1.229204418578108,1.05920628170586,0.90729378112366
-0.8044838219502284,-1.4881915747830374,-0.1468463423474878,0.0519165233675251,1.4850459299268408
0.4599453512070529,0.0221187929164237,-0.2895277260907378,-0.8329516058399294,-0.2482105164827011
1.5922167026840142,-0.6848443344480076,-0.2314029237721384,-0.2951136210938278,0.90729378112366
1.2424649926711702,1.2671069149047998,1.1708105338341002,-0.442095909892204,-1.4037148140890623
-0.2415847850131283,0.0221187929164237,-0.8070847490269373,1.21499174567799,0.90729378112366
-0.6725257283881592,0.2601842160482304,0.2972977392412664,1.510712861918912,-0.8259626652858817
-0.12614353402367,0.4085355301260088,2.5395589711841247,0.3108329849414158,-1.4037148140890623
-0.5447501484503537,0.0586931919469673,-0.321229468945313,-0.6723568654084577,-1.4037148140890623
-1.382412760154787,0.6885245375464438,-0.4268882087581391,0.8423829884786666,0.3295416323204795
1.901483874166381,1.17214721803317,2.2740217017157818,-0.0153028430146874,0.90729378112366
0.0414627228692401,0.6885245375464438,-0.754296042144029,-0.3679819293612303,0.3295416323204795
-0.8044838219502284,-1.1958280415675506,2.0616874588491862,-0.7519106989536329,-1.4037148140890623
0.4096821638005882,0.3800894072139278,1.10723372009547,0.0519165233675251,0.90729378112366
-0.12614353402367,1.8174604335869335,0.2602714811572216,4.815018526344369,-0.2482105164827011
-1.976492840717729,-1.1104664404422773,-1.5561149700873222,-0.7519106989536329,1.4850459299268408
-1.8850752982615144,-0.6249188995139487,0.5777235259342319,1.4628056089091208,0.90729378112366
0.0414627228692401,1.2671069149047998,0.3925200193219723,-0.2951136210938278,-0.2482105164827011
-2.070506624769461,-0.8816340680589727,0.0064469489686989,1.05920628170586,-0.2482105164827011
-2.2671360901993034,-1.029985382136751,0.6306507205688108,0.4347146208232458,0.3295416323204795
0.6075728731209361,1.5187112422894624,0.8424124342418837,0.7864394731429292,-1.4037148140890623
-0.4208344081373881,-0.4078693171768113,-0.3053788352811605,-0.8329516058399294,0.3295416323204795
0.9125701267835208,0.5681063074995929,0.0487425773003285,0.1833072536288011,-1.4037148140890623
0.3074854965264431,0.7561232077852561,-0.9495878924639132,-0.5942365125453887,0.90729378112366
0.255519843658032,-0.6249188995139487,-0.8281987537406303,0.2475389807861832,0.3295416323204795
-0.1834770248855401,0.5168993845932544,0.3025874162636964,0.0519165233675251,-0.2482105164827011
0.0414627228692401,-0.5122159501066339,-1.6509865274358873,0.4953528440173136,1.4850459299268408
-0.3004940848901874,0.4905802034659032,0.7365209893197011,0.6141428031148349,-1.4037148140890623
0.9125701267835208,-0.8129357997996132,1.319186105100006,1.1636827174575592,1.4850459299268408
1.002697792188194,0.0221187929164237,0.3396166365668936,-0.0153028430146874,-1.4037148140890623
2.0680057679108392,-0.1765248385183215,-0.965419200146262,-1.4470862450615318,0.90729378112366
1.3269127054557608,-1.1104664404422773,-0.4374529205398003,0.0519165233675251,0.3295416323204795
-0.8721444075752534,-2.1718036662439544,0.7735805860362498,-0.442095909892204,0.90729378112366
-0.8721444075752534,-0.95385683175998,-0.638142303704461,1.0060085310493156,0.90729378112366
0.4096821638005882,-1.1958280415675506,-0.2683921741051135,1.5580965279123633,0.3295416323204795
0.3843447143538732,1.17214721803317,-2.1461495311121053,1.651338020130323,1.4850459299268408
0.9803196100658468,-0.0936753436682334,0.2602714811572216,-0.6723568654084577,-1.4037148140890623
1.0249754471645949,0.4637596745697697,0.4295555351277188,1.651338020130323,-0.2482105164827011
-1.3051244209584698,-0.5122159501066339,-0.7120612756861617,0.8423829884786666,1.4850459299268408
-1.1552338208708606,-1.6008945241903525,-0.6803829834436775,-0.2234498029810078,0.3295416323204795
-0.5447501484503537,0.1961715933567669,0.5777235259342319,-0.2234498029810078,-0.8259626652858817
-0.6081362671554226,-0.2645557014738005,0.8953660990908161,0.0519165233675251,0.3295416323204795
0.0414627228692401,0.8620404322819979,1.531223288017139,4.924785459742822,-1.4037148140890623
-2.167313641204533,-0.6249188995139487,1.7698665210459354,1.1636827174575592,-1.4037148140890623
1.1131033866122422,1.01650036849522,0.6835832081875398,-0.999724562184764,-0.2482105164827011
0.750740868738186,0.4905802034659032,1.372187449699993,0.4953528440173136,0.90729378112366
-1.3051244209584698,-1.2867005506817744,2.1678439635704034,0.8976138281682634,-1.4037148140890623
-1.4613781103809098,0.5930279349700256,0.1544964527836136,3.252721753760079,0.3295416323204795
0.7034925946004649,-0.5674400945503948,0.2602714811572216,0.1833072536288011,-0.8259626652858817
0.4599453512070529,1.5187112422894624,1.2873878423113627,2.6003022184816147,0.3295416323204795
2.753877933686509,0.1291096241702878,-0.7331790812628352,-1.3538447528435724,0.3295416323204795
-1.8850752982615144,-0.6249188995139487,0.5777235259342319,1.4628056089091208,0.90729378112366
-0.8044838219502284,-1.7234096052483263,-0.4955550586053114,-0.5174988936387179,1.4850459299268408
0.4096821638005882,0.2285416441044802,-0.785969899736134,0.2475389807861832,0.3295416323204795
1.5321773699622627,-1.4881915747830374,0.1544964527836136,-0.5174988936387179,0.90729378112366
-0.8721444075752534,0.1630398248767905,-0.764854205834512,1.0060085310493156,0.3295416323204795
0.8897779501268768,1.4397352992461727,-0.2049804453786316,-0.999724562184764,-0.8259626652858817
-1.082476305191571,-1.857609692735376,-1.3294082244117025,-0.7519106989536329,0.90729378112366
0.1764390051223182,-0.0936753436682334,0.2602714811572216,-0.3679819293612303,-1.4037148140890623
-0.4823283948439098,-0.7474339805719228,0.1968039255492784,-0.6723568654084577,-0.8259626652858817
0.0959441324639412,-0.4590762400831492,-0.0041264294294463,-0.5942365125453887,0.3295416323204795
1.7683635888793614,-1.1104664404422773,-1.0762250566215634,-0.0835808255133876,0.90729378112366
1.806733097601669,0.3214127840635042,-0.7701332084940773,-1.7394821184318952,0.3295416323204795
-0.6081362671554226,0.921965867216056,0.1544964527836136,-0.9155362415242816,-1.4037148140890623
-0.6725257283881592,0.7114199232026032,-0.0569901495228193,-0.0835808255133876,0.3295416323204795
0.6317345143728733,-1.029985382136751,-0.321229468945313,-0.3679819293612303,0.3295416323204795
0.8897779501268768,1.297388408739908,-0.321229468945313,-1.2625663859856344,-0.8259626652858817
0.6557739769318269,-0.2645557014738005,0.0963292038681522,0.1181095997026837,-0.2482105164827011
1.4714437412954804,-1.4881915747830374,0.2602714811572216,0.7864394731429292,0.3295416323204795
0.6075728731209361,-0.2198524168911469,0.0963292038681522,0.1181095997026837,-0.2482105164827011
-0.8044838219502284,-0.0936753436682334,-0.321229468945313,-1.3538447528435724,-0.8259626652858817
-0.12614353402367,-0.2645557014738005,-0.0569901495228193,-0.0153028430146874,-0.8259626652858817
-0.4823283948439098,0.2601842160482304,0.6835832081875398,0.5551546512189091,-0.2482105164827011
-0.9409928271622274,0.3510567251624549,-0.0517040153970835,0.7864394731429292,-0.8259626652858817
2.2649774289200333,0.5168993845932544,1.2131993149785547,-1.1731701820760907,-0.2482105164827011
-0.9409928271622274,0.921965867216056,-0.1362758183762712,0.2475389807861832,0.90729378112366
0.0959441324639412,-0.95385683175998,-0.902091119681729,-1.4470862450615318,-0.2482105164827011
1.8258161052751087,-0.6848443344480076,-0.2683921741051135,-1.3538447528435724,-0.2482105164827011
0.1497676746375819,1.9269741739439328,-0.1838415114340089,-0.3679819293612303,-0.8259626652858817
1.0471537200140102,-1.1104664404422773,-0.0834200272461366,-1.1731701820760907,0.3295416323204795
0.4096821638005882,-0.7474339805719228,1.7433453027725825,0.3732162523464175,-1.4037148140890623
-2.4768713407627727,-0.6848443344480076,1.531223288017139,1.7875448956118756,-0.2482105164827011
0.3074854965264431,-0.4590762400831492,-0.4163232856801009,-0.3679819293612303,0.3295416323204795
0.4599453512070529,1.4532094230617714,-0.3053788352811605,-1.1731701820760907,-0.2482105164827011
0.727174784923538,-0.0936753436682334,0.355487095911585,-1.841500055516336,-0.8259626652858817
0.7741922884506374,0.5427356176130588,-0.0834200272461366,-0.999724562184764,-1.4037148140890623
0.3074854965264431,1.05260581325207,0.0328813201531292,0.3108329849414158,-0.8259626652858817
-0.2415847850131283,0.3214127840635042,2.858378998808902,0.2475389807861832,1.4850459299268408
2.0680057679108392,1.974070042269231,0.6835832081875398,-1.2625663859856344,-1.4037148140890623
